chemical,fold,k,method,label,curve_mae,well_mae
1-Ethyl-3-methyl-1H-imidazol-3-ium diethyl phosphate,0,0,zero,unknown,0.9458155632019043,1.4795202016830444
1-Ethyl-3-methyl-1H-imidazol-3-ium diethyl phosphate,0,0,context_mean,unknown,0.9458155632019043,1.4795202016830444
1-Ethyl-3-methyl-1H-imidazol-3-ium diethyl phosphate,0,0,loglinear_interp,unknown,0.9458155632019043,1.4795202016830444
1-Ethyl-3-methyl-1H-imidazol-3-ium diethyl phosphate,0,0,hill_per_endpoint,unknown,0.9458155632019043,1.4795202016830444
1-Ethyl-3-methyl-1H-imidazol-3-ium diethyl phosphate,0,0,analog_knn,unknown,1.7174781560897827,2.052830219268799
1-Ethyl-3-methyl-1H-imidazol-3-ium diethyl phosphate,0,0,neurotrajectory,unknown,1.7773592472076416,2.111227512359619
1-Ethyl-3-methyl-1H-imidazol-3-ium diethyl phosphate,0,0,neurotrajectory_seed0,unknown,1.7773592472076416,2.111227512359619
1-Ethyl-3-methyl-1H-imidazol-3-ium diethyl phosphate,0,1,zero,unknown,0.9357105255126953,1.4797680139541627
1-Ethyl-3-methyl-1H-imidazol-3-ium diethyl phosphate,0,1,context_mean,unknown,1.16379873752594,1.5868938207626342
1-Ethyl-3-methyl-1H-imidazol-3-ium diethyl phosphate,0,1,loglinear_interp,unknown,1.16379873752594,1.5868938207626342
1-Ethyl-3-methyl-1H-imidazol-3-ium diethyl phosphate,0,1,hill_per_endpoint,unknown,1.16379873752594,1.5868938207626342
1-Ethyl-3-methyl-1H-imidazol-3-ium diethyl phosphate,0,1,analog_knn,unknown,1.3083482027053832,1.7584470987319947
1-Ethyl-3-methyl-1H-imidazol-3-ium diethyl phosphate,0,1,neurotrajectory,unknown,1.1666028261184693,1.6300282716751098
1-Ethyl-3-methyl-1H-imidazol-3-ium diethyl phosphate,0,1,neurotrajectory_seed0,unknown,1.1666028261184693,1.6300282716751098
1-Ethyl-3-methyl-1H-imidazol-3-ium diethyl phosphate,0,2,zero,unknown,0.9436455845832825,1.412809920310974
1-Ethyl-3-methyl-1H-imidazol-3-ium diethyl phosphate,0,2,context_mean,unknown,1.0050443053245544,1.4498664379119872
1-Ethyl-3-methyl-1H-imidazol-3-ium diethyl phosphate,0,2,loglinear_interp,unknown,1.0049418568611146,1.4497234582901002
1-Ethyl-3-methyl-1H-imidazol-3-ium diethyl phosphate,0,2,hill_per_endpoint,unknown,1.0049418568611146,1.4497234582901002
1-Ethyl-3-methyl-1H-imidazol-3-ium diethyl phosphate,0,2,analog_knn,unknown,1.1295998573303223,1.5742904424667359
1-Ethyl-3-methyl-1H-imidazol-3-ium diethyl phosphate,0,2,neurotrajectory,unknown,1.0306601405143738,1.4757911443710328
1-Ethyl-3-methyl-1H-imidazol-3-ium diethyl phosphate,0,2,neurotrajectory_seed0,unknown,1.0306601405143738,1.4757911443710328
1-Ethyl-3-methyl-1H-imidazol-3-ium diethyl phosphate,0,3,zero,unknown,0.8945786833763123,1.384728479385376
1-Ethyl-3-methyl-1H-imidazol-3-ium diethyl phosphate,0,3,context_mean,unknown,0.9283840179443359,1.3958987236022948
1-Ethyl-3-methyl-1H-imidazol-3-ium diethyl phosphate,0,3,loglinear_interp,unknown,0.9325507402420044,1.3984071731567382
1-Ethyl-3-methyl-1H-imidazol-3-ium diethyl phosphate,0,3,hill_per_endpoint,unknown,1.0323792934417724,1.4838577032089233
1-Ethyl-3-methyl-1H-imidazol-3-ium diethyl phosphate,0,3,analog_knn,unknown,1.041761875152588,1.5107921600341796
1-Ethyl-3-methyl-1H-imidazol-3-ium diethyl phosphate,0,3,neurotrajectory,unknown,0.9363645195960999,1.4228795766830444
1-Ethyl-3-methyl-1H-imidazol-3-ium diethyl phosphate,0,3,neurotrajectory_seed0,unknown,0.9363645195960999,1.4228795766830444
1-Ethyl-3-methyl-1H-imidazol-3-ium diethyl phosphate,0,4,zero,unknown,0.9911045789718628,1.4365124940872191
1-Ethyl-3-methyl-1H-imidazol-3-ium diethyl phosphate,0,4,context_mean,unknown,0.9426571607589722,1.38047251701355
1-Ethyl-3-methyl-1H-imidazol-3-ium diethyl phosphate,0,4,loglinear_interp,unknown,0.891576635837555,1.3632272005081176
1-Ethyl-3-methyl-1H-imidazol-3-ium diethyl phosphate,0,4,hill_per_endpoint,unknown,0.9381730437278748,1.4041762351989746
1-Ethyl-3-methyl-1H-imidazol-3-ium diethyl phosphate,0,4,analog_knn,unknown,1.125503420829773,1.5600378036499023
1-Ethyl-3-methyl-1H-imidazol-3-ium diethyl phosphate,0,4,neurotrajectory,unknown,0.9387390732765197,1.4145549297332765
1-Ethyl-3-methyl-1H-imidazol-3-ium diethyl phosphate,0,4,neurotrajectory_seed0,unknown,0.9387390732765197,1.4145549297332765
"1H,1H,2H,2H-Perfluorooctyl iodide",0,0,zero,unknown,0.8199092745780945,1.2327260971069336
"1H,1H,2H,2H-Perfluorooctyl iodide",0,0,context_mean,unknown,0.8199092745780945,1.2327260971069336
"1H,1H,2H,2H-Perfluorooctyl iodide",0,0,loglinear_interp,unknown,0.8199092745780945,1.2327260971069336
"1H,1H,2H,2H-Perfluorooctyl iodide",0,0,hill_per_endpoint,unknown,0.8199092745780945,1.2327260971069336
"1H,1H,2H,2H-Perfluorooctyl iodide",0,0,analog_knn,unknown,1.1576710939407349,1.5605878829956055
"1H,1H,2H,2H-Perfluorooctyl iodide",0,0,neurotrajectory,unknown,1.1992086172103882,1.5975347757339478
"1H,1H,2H,2H-Perfluorooctyl iodide",0,0,neurotrajectory_seed0,unknown,1.1992086172103882,1.5975347757339478
"1H,1H,2H,2H-Perfluorooctyl iodide",0,1,zero,unknown,0.8162947535514832,1.2342483758926392
"1H,1H,2H,2H-Perfluorooctyl iodide",0,1,context_mean,unknown,0.8887622952461243,1.3023893594741822
"1H,1H,2H,2H-Perfluorooctyl iodide",0,1,loglinear_interp,unknown,0.8887622952461243,1.3023893594741822
"1H,1H,2H,2H-Perfluorooctyl iodide",0,1,hill_per_endpoint,unknown,0.8887622952461243,1.3023893594741822
"1H,1H,2H,2H-Perfluorooctyl iodide",0,1,analog_knn,unknown,0.7876771092414856,1.262327790260315
"1H,1H,2H,2H-Perfluorooctyl iodide",0,1,neurotrajectory,unknown,0.7836271762847901,1.2549413204193116
"1H,1H,2H,2H-Perfluorooctyl iodide",0,1,neurotrajectory_seed0,unknown,0.7836271762847901,1.2549413204193116
"1H,1H,2H,2H-Perfluorooctyl iodide",0,2,zero,unknown,0.8317845344543457,1.2441047430038452
"1H,1H,2H,2H-Perfluorooctyl iodide",0,2,context_mean,unknown,0.7283846616744996,1.2021483182907104
"1H,1H,2H,2H-Perfluorooctyl iodide",0,2,loglinear_interp,unknown,0.7814087033271789,1.250235342979431
"1H,1H,2H,2H-Perfluorooctyl iodide",0,2,hill_per_endpoint,unknown,0.7814087033271789,1.250235342979431
"1H,1H,2H,2H-Perfluorooctyl iodide",0,2,analog_knn,unknown,0.7601778030395507,1.243231511116028
"1H,1H,2H,2H-Perfluorooctyl iodide",0,2,neurotrajectory,unknown,0.7333653450012207,1.2242236137390137
"1H,1H,2H,2H-Perfluorooctyl iodide",0,2,neurotrajectory_seed0,unknown,0.7333653450012207,1.2242236137390137
"1H,1H,2H,2H-Perfluorooctyl iodide",0,3,zero,unknown,0.7542143702507019,1.1859025239944458
"1H,1H,2H,2H-Perfluorooctyl iodide",0,3,context_mean,unknown,0.7265123963356018,1.1710705757141113
"1H,1H,2H,2H-Perfluorooctyl iodide",0,3,loglinear_interp,unknown,0.7665224671363831,1.2140725612640382
"1H,1H,2H,2H-Perfluorooctyl iodide",0,3,hill_per_endpoint,unknown,0.6952769041061402,1.160137915611267
"1H,1H,2H,2H-Perfluorooctyl iodide",0,3,analog_knn,unknown,0.6757702231407166,1.1619156360626222
"1H,1H,2H,2H-Perfluorooctyl iodide",0,3,neurotrajectory,unknown,0.6774393916130066,1.1633105516433715
"1H,1H,2H,2H-Perfluorooctyl iodide",0,3,neurotrajectory_seed0,unknown,0.6774393916130066,1.1633105516433715
"1H,1H,2H,2H-Perfluorooctyl iodide",0,4,zero,unknown,0.8423413872718811,1.2547518730163574
"1H,1H,2H,2H-Perfluorooctyl iodide",0,4,context_mean,unknown,0.7221413969993591,1.2215163946151733
"1H,1H,2H,2H-Perfluorooctyl iodide",0,4,loglinear_interp,unknown,0.7665465831756592,1.2667846202850341
"1H,1H,2H,2H-Perfluorooctyl iodide",0,4,hill_per_endpoint,unknown,0.7924994111061097,1.279823112487793
"1H,1H,2H,2H-Perfluorooctyl iodide",0,4,analog_knn,unknown,0.7118127107620239,1.22193443775177
"1H,1H,2H,2H-Perfluorooctyl iodide",0,4,neurotrajectory,unknown,0.6665074586868286,1.1971095085144043
"1H,1H,2H,2H-Perfluorooctyl iodide",0,4,neurotrajectory_seed0,unknown,0.6665074586868286,1.1971095085144043
"2,2',4,4',5,5'-Hexabromodiphenyl ether",0,0,zero,positive,1.680895209312439,2.113816022872925
"2,2',4,4',5,5'-Hexabromodiphenyl ether",0,0,context_mean,positive,1.680895209312439,2.113816022872925
"2,2',4,4',5,5'-Hexabromodiphenyl ether",0,0,loglinear_interp,positive,1.680895209312439,2.113816022872925
"2,2',4,4',5,5'-Hexabromodiphenyl ether",0,0,hill_per_endpoint,positive,1.680895209312439,2.113816022872925
"2,2',4,4',5,5'-Hexabromodiphenyl ether",0,0,analog_knn,positive,1.4089947938919067,1.9818153381347656
"2,2',4,4',5,5'-Hexabromodiphenyl ether",0,0,neurotrajectory,positive,1.4378787279129028,1.9993102550506592
"2,2',4,4',5,5'-Hexabromodiphenyl ether",0,0,neurotrajectory_seed0,positive,1.4378787279129028,1.9993102550506592
"2,2',4,4',5,5'-Hexabromodiphenyl ether",0,1,zero,positive,1.7077866077423096,2.1409419536590577
"2,2',4,4',5,5'-Hexabromodiphenyl ether",0,1,context_mean,positive,1.6979411840438843,2.1962795495986938
"2,2',4,4',5,5'-Hexabromodiphenyl ether",0,1,loglinear_interp,positive,1.6979411840438843,2.1962795495986938
"2,2',4,4',5,5'-Hexabromodiphenyl ether",0,1,hill_per_endpoint,positive,1.6979411840438843,2.1962795495986938
"2,2',4,4',5,5'-Hexabromodiphenyl ether",0,1,analog_knn,positive,1.4168712377548218,2.0046364068984985
"2,2',4,4',5,5'-Hexabromodiphenyl ether",0,1,neurotrajectory,positive,1.547757363319397,2.103658127784729
"2,2',4,4',5,5'-Hexabromodiphenyl ether",0,1,neurotrajectory_seed0,positive,1.547757363319397,2.103658127784729
"2,2',4,4',5,5'-Hexabromodiphenyl ether",0,2,zero,positive,1.7901222229003906,2.2124678611755373
"2,2',4,4',5,5'-Hexabromodiphenyl ether",0,2,context_mean,positive,1.525881028175354,2.0554383039474486
"2,2',4,4',5,5'-Hexabromodiphenyl ether",0,2,loglinear_interp,positive,1.4775126218795775,2.0271875619888307
"2,2',4,4',5,5'-Hexabromodiphenyl ether",0,2,hill_per_endpoint,positive,1.4775126218795775,2.0271875619888307
"2,2',4,4',5,5'-Hexabromodiphenyl ether",0,2,analog_knn,positive,1.4335945129394532,2.022008943557739
"2,2',4,4',5,5'-Hexabromodiphenyl ether",0,2,neurotrajectory,positive,1.430649423599243,2.0214475870132445
"2,2',4,4',5,5'-Hexabromodiphenyl ether",0,2,neurotrajectory_seed0,positive,1.430649423599243,2.0214475870132445
"2,2',4,4',5,5'-Hexabromodiphenyl ether",0,3,zero,positive,1.715624499320984,2.1379044532775877
"2,2',4,4',5,5'-Hexabromodiphenyl ether",0,3,context_mean,positive,1.3792046308517456,1.933368730545044
"2,2',4,4',5,5'-Hexabromodiphenyl ether",0,3,loglinear_interp,positive,1.2428040504455566,1.8504202842712403
"2,2',4,4',5,5'-Hexabromodiphenyl ether",0,3,hill_per_endpoint,positive,1.3203781604766847,1.9231588125228882
"2,2',4,4',5,5'-Hexabromodiphenyl ether",0,3,analog_knn,positive,1.3522697687149048,1.9319046497344972
"2,2',4,4',5,5'-Hexabromodiphenyl ether",0,3,neurotrajectory,positive,1.2205979347229003,1.8470804214477539
"2,2',4,4',5,5'-Hexabromodiphenyl ether",0,3,neurotrajectory_seed0,positive,1.2205979347229003,1.8470804214477539
"2,2',4,4',5,5'-Hexabromodiphenyl ether",0,4,zero,positive,1.5237838268280028,1.9956220626831054
"2,2',4,4',5,5'-Hexabromodiphenyl ether",0,4,context_mean,positive,1.2855358362197875,1.8816832542419433
"2,2',4,4',5,5'-Hexabromodiphenyl ether",0,4,loglinear_interp,positive,1.1631617546081543,1.8205763339996337
"2,2',4,4',5,5'-Hexabromodiphenyl ether",0,4,hill_per_endpoint,positive,1.186274266242981,1.8456539154052733
"2,2',4,4',5,5'-Hexabromodiphenyl ether",0,4,analog_knn,positive,1.1851243376731873,1.8034081935882569
"2,2',4,4',5,5'-Hexabromodiphenyl ether",0,4,neurotrajectory,positive,1.027702534198761,1.7364030122756957
"2,2',4,4',5,5'-Hexabromodiphenyl ether",0,4,neurotrajectory_seed0,positive,1.027702534198761,1.7364030122756957
"2,2',4,4',5-Pentabromodiphenyl ether",0,0,zero,positive,1.8284341096878052,2.268195390701294
"2,2',4,4',5-Pentabromodiphenyl ether",0,0,context_mean,positive,1.8284341096878052,2.268195390701294
"2,2',4,4',5-Pentabromodiphenyl ether",0,0,loglinear_interp,positive,1.8284341096878052,2.268195390701294
"2,2',4,4',5-Pentabromodiphenyl ether",0,0,hill_per_endpoint,positive,1.8284341096878052,2.268195390701294
"2,2',4,4',5-Pentabromodiphenyl ether",0,0,analog_knn,positive,1.538066029548645,1.9734740257263184
"2,2',4,4',5-Pentabromodiphenyl ether",0,0,neurotrajectory,positive,1.4865213632583618,1.9303921461105347
"2,2',4,4',5-Pentabromodiphenyl ether",0,0,neurotrajectory_seed0,positive,1.4865213632583618,1.9303921461105347
"2,2',4,4',5-Pentabromodiphenyl ether",0,1,zero,positive,1.8113656759262085,2.252819538116455
"2,2',4,4',5-Pentabromodiphenyl ether",0,1,context_mean,positive,2.5618968486785887,2.914898681640625
"2,2',4,4',5-Pentabromodiphenyl ether",0,1,loglinear_interp,positive,2.5618968486785887,2.914898681640625
"2,2',4,4',5-Pentabromodiphenyl ether",0,1,hill_per_endpoint,positive,2.5618968486785887,2.914898681640625
"2,2',4,4',5-Pentabromodiphenyl ether",0,1,analog_knn,positive,1.8520086050033568,2.253669571876526
"2,2',4,4',5-Pentabromodiphenyl ether",0,1,neurotrajectory,positive,1.692048192024231,2.0911505222320557
"2,2',4,4',5-Pentabromodiphenyl ether",0,1,neurotrajectory_seed0,positive,1.692048192024231,2.0911505222320557
"2,2',4,4',5-Pentabromodiphenyl ether",0,2,zero,positive,2.079230046272278,2.507447385787964
"2,2',4,4',5-Pentabromodiphenyl ether",0,2,context_mean,positive,2.0766907215118406,2.486253356933594
"2,2',4,4',5-Pentabromodiphenyl ether",0,2,loglinear_interp,positive,1.9155367136001586,2.3676709651947023
"2,2',4,4',5-Pentabromodiphenyl ether",0,2,hill_per_endpoint,positive,1.9155367136001586,2.3676709651947023
"2,2',4,4',5-Pentabromodiphenyl ether",0,2,analog_knn,positive,1.7707166433334351,2.22100887298584
"2,2',4,4',5-Pentabromodiphenyl ether",0,2,neurotrajectory,positive,1.5520978212356566,2.0327068090438845
"2,2',4,4',5-Pentabromodiphenyl ether",0,2,neurotrajectory_seed0,positive,1.5520978212356566,2.0327068090438845
"2,2',4,4',5-Pentabromodiphenyl ether",0,3,zero,positive,1.6513193130493165,2.1320443153381348
"2,2',4,4',5-Pentabromodiphenyl ether",0,3,context_mean,positive,1.9720831871032716,2.3696311473846436
"2,2',4,4',5-Pentabromodiphenyl ether",0,3,loglinear_interp,positive,1.5311025381088257,2.0476547956466673
"2,2',4,4',5-Pentabromodiphenyl ether",0,3,hill_per_endpoint,positive,1.6592424631118774,2.149258828163147
"2,2',4,4',5-Pentabromodiphenyl ether",0,3,analog_knn,positive,1.4546934843063355,1.9572855710983277
"2,2',4,4',5-Pentabromodiphenyl ether",0,3,neurotrajectory,positive,1.307853925228119,1.8640695333480835
"2,2',4,4',5-Pentabromodiphenyl ether",0,3,neurotrajectory_seed0,positive,1.307853925228119,1.8640695333480835
"2,2',4,4',5-Pentabromodiphenyl ether",0,4,zero,positive,2.497131180763245,2.9118927001953123
"2,2',4,4',5-Pentabromodiphenyl ether",0,4,context_mean,positive,2.480272340774536,2.85080246925354
"2,2',4,4',5-Pentabromodiphenyl ether",0,4,loglinear_interp,positive,2.0809927940368653,2.5612727642059325
"2,2',4,4',5-Pentabromodiphenyl ether",0,4,hill_per_endpoint,positive,2.2637318849563597,2.664116621017456
"2,2',4,4',5-Pentabromodiphenyl ether",0,4,analog_knn,positive,1.9727601289749146,2.4124277591705323
"2,2',4,4',5-Pentabromodiphenyl ether",0,4,neurotrajectory,positive,1.6674309849739075,2.1679598569869993
"2,2',4,4',5-Pentabromodiphenyl ether",0,4,neurotrajectory_seed0,positive,1.6674309849739075,2.1679598569869993
"2,2',4,4'-Tetrabromodiphenyl ether",0,0,zero,positive,2.4954450130462646,2.851224899291992
"2,2',4,4'-Tetrabromodiphenyl ether",0,0,context_mean,positive,2.4954450130462646,2.851224899291992
"2,2',4,4'-Tetrabromodiphenyl ether",0,0,loglinear_interp,positive,2.4954450130462646,2.851224899291992
"2,2',4,4'-Tetrabromodiphenyl ether",0,0,hill_per_endpoint,positive,2.4954450130462646,2.851224899291992
"2,2',4,4'-Tetrabromodiphenyl ether",0,0,analog_knn,positive,1.7208665609359741,2.3711390495300293
"2,2',4,4'-Tetrabromodiphenyl ether",0,0,neurotrajectory,positive,1.6966251134872437,2.3521811962127686
"2,2',4,4'-Tetrabromodiphenyl ether",0,0,neurotrajectory_seed0,positive,1.6966251134872437,2.3521811962127686
"2,2',4,4'-Tetrabromodiphenyl ether",0,1,zero,positive,2.568855953216553,2.8886041164398195
"2,2',4,4'-Tetrabromodiphenyl ether",0,1,context_mean,positive,1.5670199394226074,2.319609022140503
"2,2',4,4'-Tetrabromodiphenyl ether",0,1,loglinear_interp,positive,1.5670199394226074,2.319609022140503
"2,2',4,4'-Tetrabromodiphenyl ether",0,1,hill_per_endpoint,positive,1.5670199394226074,2.319609022140503
"2,2',4,4'-Tetrabromodiphenyl ether",0,1,analog_knn,positive,1.6944076776504517,2.3528743743896485
"2,2',4,4'-Tetrabromodiphenyl ether",0,1,neurotrajectory,positive,1.2317830562591552,2.117702770233154
"2,2',4,4'-Tetrabromodiphenyl ether",0,1,neurotrajectory_seed0,positive,1.2317830562591552,2.117702770233154
"2,2',4,4'-Tetrabromodiphenyl ether",0,2,zero,positive,2.593072462081909,2.9290236949920656
"2,2',4,4'-Tetrabromodiphenyl ether",0,2,context_mean,positive,1.4969807386398315,2.3198670387268066
"2,2',4,4'-Tetrabromodiphenyl ether",0,2,loglinear_interp,positive,1.5058818817138673,2.352645492553711
"2,2',4,4'-Tetrabromodiphenyl ether",0,2,hill_per_endpoint,positive,1.5058818817138673,2.352645492553711
"2,2',4,4'-Tetrabromodiphenyl ether",0,2,analog_knn,positive,1.6788081407546998,2.3806832313537596
"2,2',4,4'-Tetrabromodiphenyl ether",0,2,neurotrajectory,positive,1.243514084815979,2.1596000671386717
"2,2',4,4'-Tetrabromodiphenyl ether",0,2,neurotrajectory_seed0,positive,1.243514084815979,2.1596000671386717
"2,2',4,4'-Tetrabromodiphenyl ether",0,3,zero,positive,2.5417760848999023,2.924329328536987
"2,2',4,4'-Tetrabromodiphenyl ether",0,3,context_mean,positive,1.4167508602142334,2.2436731338500975
"2,2',4,4'-Tetrabromodiphenyl ether",0,3,loglinear_interp,positive,1.30291690826416,2.2020090341567995
"2,2',4,4'-Tetrabromodiphenyl ether",0,3,hill_per_endpoint,positive,1.5076358795166016,2.3289066314697267
"2,2',4,4'-Tetrabromodiphenyl ether",0,3,analog_knn,positive,1.655520749092102,2.353553533554077
"2,2',4,4'-Tetrabromodiphenyl ether",0,3,neurotrajectory,positive,1.1880552291870117,2.0876745223999023
"2,2',4,4'-Tetrabromodiphenyl ether",0,3,neurotrajectory_seed0,positive,1.1880552291870117,2.0876745223999023
"2,2',4,4'-Tetrabromodiphenyl ether",0,4,zero,positive,2.625797176361084,2.9138438224792482
"2,2',4,4'-Tetrabromodiphenyl ether",0,4,context_mean,positive,1.3319652438163758,2.2737388134002687
"2,2',4,4'-Tetrabromodiphenyl ether",0,4,loglinear_interp,positive,1.1770139932632446,2.196952223777771
"2,2',4,4'-Tetrabromodiphenyl ether",0,4,hill_per_endpoint,positive,1.3257114887237549,2.2529541015625
"2,2',4,4'-Tetrabromodiphenyl ether",0,4,analog_knn,positive,1.64740149974823,2.337030363082886
"2,2',4,4'-Tetrabromodiphenyl ether",0,4,neurotrajectory,positive,1.179108738899231,2.122600221633911
"2,2',4,4'-Tetrabromodiphenyl ether",0,4,neurotrajectory_seed0,positive,1.179108738899231,2.122600221633911
2-Methoxyethanol,0,0,zero,unknown,0.808921754360199,1.2932543754577637
2-Methoxyethanol,0,0,context_mean,unknown,0.808921754360199,1.2932543754577637
2-Methoxyethanol,0,0,loglinear_interp,unknown,0.808921754360199,1.2932543754577637
2-Methoxyethanol,0,0,hill_per_endpoint,unknown,0.808921754360199,1.2932543754577637
2-Methoxyethanol,0,0,analog_knn,unknown,1.3348594903945923,1.736181378364563
2-Methoxyethanol,0,0,neurotrajectory,unknown,1.3784232139587402,1.7788690328598022
2-Methoxyethanol,0,0,neurotrajectory_seed0,unknown,1.3784232139587402,1.7788690328598022
2-Methoxyethanol,0,1,zero,unknown,0.8005935192108155,1.291000199317932
2-Methoxyethanol,0,1,context_mean,unknown,1.0031506896018982,1.4336998224258424
2-Methoxyethanol,0,1,loglinear_interp,unknown,1.0031506896018982,1.4336998224258424
2-Methoxyethanol,0,1,hill_per_endpoint,unknown,1.0031506896018982,1.4336998224258424
2-Methoxyethanol,0,1,analog_knn,unknown,1.0670574069023133,1.533228087425232
2-Methoxyethanol,0,1,neurotrajectory,unknown,1.0464781761169433,1.4975396156311036
2-Methoxyethanol,0,1,neurotrajectory_seed0,unknown,1.0464781761169433,1.4975396156311036
2-Methoxyethanol,0,2,zero,unknown,0.7991515278816224,1.2804058074951172
2-Methoxyethanol,0,2,context_mean,unknown,0.8972725152969361,1.3580827951431274
2-Methoxyethanol,0,2,loglinear_interp,unknown,0.931733775138855,1.3841742753982544
2-Methoxyethanol,0,2,hill_per_endpoint,unknown,0.931733775138855,1.3841742753982544
2-Methoxyethanol,0,2,analog_knn,unknown,0.9167688488960266,1.3852206945419312
2-Methoxyethanol,0,2,neurotrajectory,unknown,0.8588691115379333,1.352586269378662
2-Methoxyethanol,0,2,neurotrajectory_seed0,unknown,0.8588691115379333,1.352586269378662
2-Methoxyethanol,0,3,zero,unknown,0.8040165543556214,1.2933069229125977
2-Methoxyethanol,0,3,context_mean,unknown,0.7530964136123657,1.282698106765747
2-Methoxyethanol,0,3,loglinear_interp,unknown,0.8797391533851624,1.355812168121338
2-Methoxyethanol,0,3,hill_per_endpoint,unknown,0.981613290309906,1.460887575149536
2-Methoxyethanol,0,3,analog_knn,unknown,0.8355010271072387,1.3389820098876952
2-Methoxyethanol,0,3,neurotrajectory,unknown,0.8044148325920105,1.319605016708374
2-Methoxyethanol,0,3,neurotrajectory_seed0,unknown,0.8044148325920105,1.319605016708374
2-Methoxyethanol,0,4,zero,unknown,0.8819607973098755,1.3405569791793823
2-Methoxyethanol,0,4,context_mean,unknown,0.8030485153198242,1.3150242805480956
2-Methoxyethanol,0,4,loglinear_interp,unknown,0.8457223415374756,1.3399068355560302
2-Methoxyethanol,0,4,hill_per_endpoint,unknown,0.887091088294983,1.3643588066101073
2-Methoxyethanol,0,4,analog_knn,unknown,0.8473473429679871,1.3496798038482667
2-Methoxyethanol,0,4,neurotrajectory,unknown,0.807801616191864,1.324013352394104
2-Methoxyethanol,0,4,neurotrajectory_seed0,unknown,0.807801616191864,1.324013352394104
"3,3'-Iminobispropanenitrile",0,0,zero,positive,0.7513452768325806,1.166051983833313
"3,3'-Iminobispropanenitrile",0,0,context_mean,positive,0.7513452768325806,1.166051983833313
"3,3'-Iminobispropanenitrile",0,0,loglinear_interp,positive,0.7513452768325806,1.166051983833313
"3,3'-Iminobispropanenitrile",0,0,hill_per_endpoint,positive,0.7513452768325806,1.166051983833313
"3,3'-Iminobispropanenitrile",0,0,analog_knn,positive,1.1537538766860962,1.5106297731399536
"3,3'-Iminobispropanenitrile",0,0,neurotrajectory,positive,1.2036710977554321,1.5570276975631714
"3,3'-Iminobispropanenitrile",0,0,neurotrajectory_seed0,positive,1.2036710977554321,1.5570276975631714
"3,3'-Iminobispropanenitrile",0,1,zero,positive,0.7439860343933106,1.1660370111465455
"3,3'-Iminobispropanenitrile",0,1,context_mean,positive,0.9143778443336487,1.2791335821151733
"3,3'-Iminobispropanenitrile",0,1,loglinear_interp,positive,0.9143778443336487,1.2791335821151733
"3,3'-Iminobispropanenitrile",0,1,hill_per_endpoint,positive,0.9143778443336487,1.2791335821151733
"3,3'-Iminobispropanenitrile",0,1,analog_knn,positive,0.8148176550865174,1.248415970802307
"3,3'-Iminobispropanenitrile",0,1,neurotrajectory,positive,0.8247268080711365,1.2489026308059692
"3,3'-Iminobispropanenitrile",0,1,neurotrajectory_seed0,positive,0.8247268080711365,1.2489026308059692
"3,3'-Iminobispropanenitrile",0,2,zero,positive,0.7621084451675415,1.1905994653701781
"3,3'-Iminobispropanenitrile",0,2,context_mean,positive,0.8188588738441467,1.230247688293457
"3,3'-Iminobispropanenitrile",0,2,loglinear_interp,positive,0.8605995059013367,1.2561715126037598
"3,3'-Iminobispropanenitrile",0,2,hill_per_endpoint,positive,0.8605995059013367,1.2561715126037598
"3,3'-Iminobispropanenitrile",0,2,analog_knn,positive,0.7885837316513061,1.2459961652755738
"3,3'-Iminobispropanenitrile",0,2,neurotrajectory,positive,0.8433595418930053,1.2817505598068237
"3,3'-Iminobispropanenitrile",0,2,neurotrajectory_seed0,positive,0.8433595418930053,1.2817505598068237
"3,3'-Iminobispropanenitrile",0,3,zero,positive,0.7469080686569214,1.1818823575973512
"3,3'-Iminobispropanenitrile",0,3,context_mean,positive,0.7430025219917298,1.1915343284606934
"3,3'-Iminobispropanenitrile",0,3,loglinear_interp,positive,0.7742334961891174,1.1990144729614258
"3,3'-Iminobispropanenitrile",0,3,hill_per_endpoint,positive,0.8685112476348877,1.2913580417633057
"3,3'-Iminobispropanenitrile",0,3,analog_knn,positive,0.7534211039543152,1.2210026741027833
"3,3'-Iminobispropanenitrile",0,3,neurotrajectory,positive,0.7441370248794555,1.1961052179336549
"3,3'-Iminobispropanenitrile",0,3,neurotrajectory_seed0,positive,0.7441370248794555,1.1961052179336549
"3,3'-Iminobispropanenitrile",0,4,zero,positive,0.7307976841926574,1.1177160263061523
"3,3'-Iminobispropanenitrile",0,4,context_mean,positive,0.7219060897827149,1.1238089561462403
"3,3'-Iminobispropanenitrile",0,4,loglinear_interp,positive,0.7207077145576477,1.1132684230804444
"3,3'-Iminobispropanenitrile",0,4,hill_per_endpoint,positive,0.7542440891265869,1.1476917028427125
"3,3'-Iminobispropanenitrile",0,4,analog_knn,positive,0.7271518230438232,1.1488433837890626
"3,3'-Iminobispropanenitrile",0,4,neurotrajectory,positive,0.6826172828674316,1.0939723014831544
"3,3'-Iminobispropanenitrile",0,4,neurotrajectory_seed0,positive,0.6826172828674316,1.0939723014831544
4H-Cyclopenta(def)phenanthrene,0,0,zero,unknown,1.115328073501587,1.4711880683898926
4H-Cyclopenta(def)phenanthrene,0,0,context_mean,unknown,1.115328073501587,1.4711880683898926
4H-Cyclopenta(def)phenanthrene,0,0,loglinear_interp,unknown,1.115328073501587,1.4711880683898926
4H-Cyclopenta(def)phenanthrene,0,0,hill_per_endpoint,unknown,1.115328073501587,1.4711880683898926
4H-Cyclopenta(def)phenanthrene,0,0,analog_knn,unknown,1.2607817649841309,1.7166119813919067
4H-Cyclopenta(def)phenanthrene,0,0,neurotrajectory,unknown,1.3219366073608398,1.7563892602920532
4H-Cyclopenta(def)phenanthrene,0,0,neurotrajectory_seed0,unknown,1.3219366073608398,1.7563892602920532
4H-Cyclopenta(def)phenanthrene,0,1,zero,unknown,1.1388084888458252,1.4872247219085692
4H-Cyclopenta(def)phenanthrene,0,1,context_mean,unknown,0.9963397264480591,1.4490941524505616
4H-Cyclopenta(def)phenanthrene,0,1,loglinear_interp,unknown,0.9963397264480591,1.4490941524505616
4H-Cyclopenta(def)phenanthrene,0,1,hill_per_endpoint,unknown,0.9963397264480591,1.4490941524505616
4H-Cyclopenta(def)phenanthrene,0,1,analog_knn,unknown,1.2400933861732484,1.6947080135345458
4H-Cyclopenta(def)phenanthrene,0,1,neurotrajectory,unknown,0.9769875168800354,1.4619853734970092
4H-Cyclopenta(def)phenanthrene,0,1,neurotrajectory_seed0,unknown,0.9769875168800354,1.4619853734970092
4H-Cyclopenta(def)phenanthrene,0,2,zero,unknown,1.1881416320800782,1.5243762254714965
4H-Cyclopenta(def)phenanthrene,0,2,context_mean,unknown,0.8694409966468811,1.3707922458648683
4H-Cyclopenta(def)phenanthrene,0,2,loglinear_interp,unknown,0.8567846298217774,1.3671821355819702
4H-Cyclopenta(def)phenanthrene,0,2,hill_per_endpoint,unknown,0.8567846298217774,1.3671821355819702
4H-Cyclopenta(def)phenanthrene,0,2,analog_knn,unknown,0.9695695400238037,1.4279196500778197
4H-Cyclopenta(def)phenanthrene,0,2,neurotrajectory,unknown,0.846513319015503,1.3576568365097046
4H-Cyclopenta(def)phenanthrene,0,2,neurotrajectory_seed0,unknown,0.846513319015503,1.3576568365097046
4H-Cyclopenta(def)phenanthrene,0,3,zero,unknown,1.207282793521881,1.522753691673279
4H-Cyclopenta(def)phenanthrene,0,3,context_mean,unknown,0.880108904838562,1.3747532844543457
4H-Cyclopenta(def)phenanthrene,0,3,loglinear_interp,unknown,0.8441065788269043,1.356378960609436
4H-Cyclopenta(def)phenanthrene,0,3,hill_per_endpoint,unknown,0.9409727454185486,1.4325066566467286
4H-Cyclopenta(def)phenanthrene,0,3,analog_knn,unknown,1.0103972911834718,1.4586601257324219
4H-Cyclopenta(def)phenanthrene,0,3,neurotrajectory,unknown,0.8283721923828125,1.3446200847625733
4H-Cyclopenta(def)phenanthrene,0,3,neurotrajectory_seed0,unknown,0.8283721923828125,1.3446200847625733
4H-Cyclopenta(def)phenanthrene,0,4,zero,unknown,1.152163851261139,1.530800223350525
4H-Cyclopenta(def)phenanthrene,0,4,context_mean,unknown,0.8254032135009766,1.398145318031311
4H-Cyclopenta(def)phenanthrene,0,4,loglinear_interp,unknown,0.8047987461090088,1.3874533414840697
4H-Cyclopenta(def)phenanthrene,0,4,hill_per_endpoint,unknown,0.8724377870559692,1.4210702180862427
4H-Cyclopenta(def)phenanthrene,0,4,analog_knn,unknown,0.9378856539726257,1.444809889793396
4H-Cyclopenta(def)phenanthrene,0,4,neurotrajectory,unknown,0.7825844526290894,1.3630169868469237
4H-Cyclopenta(def)phenanthrene,0,4,neurotrajectory_seed0,unknown,0.7825844526290894,1.3630169868469237
6-Propyl-2-thiouracil,0,0,zero,positive,1.4825266599655151,1.827187418937683
6-Propyl-2-thiouracil,0,0,context_mean,positive,1.4825266599655151,1.827187418937683
6-Propyl-2-thiouracil,0,0,loglinear_interp,positive,1.4825266599655151,1.827187418937683
6-Propyl-2-thiouracil,0,0,hill_per_endpoint,positive,1.4825266599655151,1.827187418937683
6-Propyl-2-thiouracil,0,0,analog_knn,positive,1.472615361213684,1.963098168373108
6-Propyl-2-thiouracil,0,0,neurotrajectory,positive,1.5006057024002075,1.999841570854187
6-Propyl-2-thiouracil,0,0,neurotrajectory_seed0,positive,1.5006057024002075,1.999841570854187
6-Propyl-2-thiouracil,0,1,zero,positive,1.4440674543380738,1.8139919281005858
6-Propyl-2-thiouracil,0,1,context_mean,positive,2.194983696937561,2.5413100719451904
6-Propyl-2-thiouracil,0,1,loglinear_interp,positive,2.194983696937561,2.5413100719451904
6-Propyl-2-thiouracil,0,1,hill_per_endpoint,positive,2.194983696937561,2.5413100719451904
6-Propyl-2-thiouracil,0,1,analog_knn,positive,1.6211643934249877,2.027950978279114
6-Propyl-2-thiouracil,0,1,neurotrajectory,positive,1.5946300983428956,2.0054791450500487
6-Propyl-2-thiouracil,0,1,neurotrajectory_seed0,positive,1.5946300983428956,2.0054791450500487
6-Propyl-2-thiouracil,0,2,zero,positive,1.4068511247634887,1.7974483251571656
6-Propyl-2-thiouracil,0,2,context_mean,positive,1.7143941402435303,2.1163408279418947
6-Propyl-2-thiouracil,0,2,loglinear_interp,positive,1.7449867486953736,2.1330424785614013
6-Propyl-2-thiouracil,0,2,hill_per_endpoint,positive,1.7449867486953736,2.1330424785614013
6-Propyl-2-thiouracil,0,2,analog_knn,positive,1.5859822511672974,1.9607072591781616
6-Propyl-2-thiouracil,0,2,neurotrajectory,positive,1.5625279664993286,1.9766971349716187
6-Propyl-2-thiouracil,0,2,neurotrajectory_seed0,positive,1.5625279664993286,1.9766971349716187
6-Propyl-2-thiouracil,0,3,zero,positive,1.5005689859390259,1.8352956533432008
6-Propyl-2-thiouracil,0,3,context_mean,positive,1.566308045387268,1.9633857488632203
6-Propyl-2-thiouracil,0,3,loglinear_interp,positive,1.859113097190857,2.187550163269043
6-Propyl-2-thiouracil,0,3,hill_per_endpoint,positive,1.9667449712753295,2.2367931365966798
6-Propyl-2-thiouracil,0,3,analog_knn,positive,1.7460307836532594,2.0474722623825072
6-Propyl-2-thiouracil,0,3,neurotrajectory,positive,1.7213975191116333,2.064570093154907
6-Propyl-2-thiouracil,0,3,neurotrajectory_seed0,positive,1.7213975191116333,2.064570093154907
6-Propyl-2-thiouracil,0,4,zero,positive,1.4000836849212646,1.792723035812378
6-Propyl-2-thiouracil,0,4,context_mean,positive,1.4734970331192017,1.926062273979187
6-Propyl-2-thiouracil,0,4,loglinear_interp,positive,1.5477533340454102,1.9455532789230348
6-Propyl-2-thiouracil,0,4,hill_per_endpoint,positive,1.5386935710906982,1.8936524152755738
6-Propyl-2-thiouracil,0,4,analog_knn,positive,1.5227219104766845,1.9252913475036622
6-Propyl-2-thiouracil,0,4,neurotrajectory,positive,1.3838462352752685,1.831799364089966
6-Propyl-2-thiouracil,0,4,neurotrajectory_seed0,positive,1.3838462352752685,1.831799364089966
Acrylamide,0,0,zero,positive,1.0141006708145142,1.5703914165496826
Acrylamide,0,0,context_mean,positive,1.0141006708145142,1.5703914165496826
Acrylamide,0,0,loglinear_interp,positive,1.0141006708145142,1.5703914165496826
Acrylamide,0,0,hill_per_endpoint,positive,1.0141006708145142,1.5703914165496826
Acrylamide,0,0,analog_knn,positive,0.9791434407234192,1.643328070640564
Acrylamide,0,0,neurotrajectory,positive,1.0391415357589722,1.6714210510253906
Acrylamide,0,0,neurotrajectory_seed0,positive,1.0391415357589722,1.6714210510253906
Acrylamide,0,1,zero,positive,1.0114044070243835,1.5811187505722046
Acrylamide,0,1,context_mean,positive,1.1967220783233643,1.7846205949783325
Acrylamide,0,1,loglinear_interp,positive,1.1967220783233643,1.7846205949783325
Acrylamide,0,1,hill_per_endpoint,positive,1.1967220783233643,1.7846205949783325
Acrylamide,0,1,analog_knn,positive,0.9129629611968995,1.6076351642608642
Acrylamide,0,1,neurotrajectory,positive,0.9169942140579224,1.6306339502334595
Acrylamide,0,1,neurotrajectory_seed0,positive,0.9169942140579224,1.6306339502334595
Acrylamide,0,2,zero,positive,1.061529016494751,1.5917260885238647
Acrylamide,0,2,context_mean,positive,0.9877978920936584,1.6213801860809327
Acrylamide,0,2,loglinear_interp,positive,1.0079470157623291,1.6540061950683593
Acrylamide,0,2,hill_per_endpoint,positive,1.0079470157623291,1.6540061950683593
Acrylamide,0,2,analog_knn,positive,0.909917163848877,1.5858479022979737
Acrylamide,0,2,neurotrajectory,positive,0.8834715008735656,1.5916352272033691
Acrylamide,0,2,neurotrajectory_seed0,positive,0.8834715008735656,1.5916352272033691
Acrylamide,0,3,zero,positive,1.001732385158539,1.5666182041168213
Acrylamide,0,3,context_mean,positive,0.9051156163215637,1.590024971961975
Acrylamide,0,3,loglinear_interp,positive,0.9259099006652832,1.6334924936294555
Acrylamide,0,3,hill_per_endpoint,positive,1.1039851784706116,1.7761368036270142
Acrylamide,0,3,analog_knn,positive,0.8139576077461242,1.5390642166137696
Acrylamide,0,3,neurotrajectory,positive,0.819511616230011,1.5733505487442017
Acrylamide,0,3,neurotrajectory_seed0,positive,0.819511616230011,1.5733505487442017
Acrylamide,0,4,zero,positive,0.9646182060241699,1.5363695621490479
Acrylamide,0,4,context_mean,positive,0.8756172776222229,1.5834900379180907
Acrylamide,0,4,loglinear_interp,positive,0.8320973515510559,1.5725798606872559
Acrylamide,0,4,hill_per_endpoint,positive,0.8335594892501831,1.5563710451126098
Acrylamide,0,4,analog_knn,positive,0.7827345490455627,1.5009830474853516
Acrylamide,0,4,neurotrajectory,positive,0.7361487865447998,1.5026777029037475
Acrylamide,0,4,neurotrajectory_seed0,positive,0.7361487865447998,1.5026777029037475
Aldrin,0,0,zero,unknown,2.5729026794433594,2.782003164291382
Aldrin,0,0,context_mean,unknown,2.5729026794433594,2.782003164291382
Aldrin,0,0,loglinear_interp,unknown,2.5729026794433594,2.782003164291382
Aldrin,0,0,hill_per_endpoint,unknown,2.5729026794433594,2.782003164291382
Aldrin,0,0,analog_knn,unknown,2.090787172317505,2.3636972904205322
Aldrin,0,0,neurotrajectory,unknown,1.9924057722091675,2.257413625717163
Aldrin,0,0,neurotrajectory_seed0,unknown,1.9924057722091675,2.257413625717163
Aldrin,0,1,zero,unknown,2.5221892833709716,2.738599109649658
Aldrin,0,1,context_mean,unknown,3.090966320037842,3.3040130615234373
Aldrin,0,1,loglinear_interp,unknown,3.090966320037842,3.3040130615234373
Aldrin,0,1,hill_per_endpoint,unknown,3.090966320037842,3.3040130615234373
Aldrin,0,1,analog_knn,unknown,1.9262704133987427,2.176697826385498
Aldrin,0,1,neurotrajectory,unknown,1.9734357595443726,2.232037568092346
Aldrin,0,1,neurotrajectory_seed0,unknown,1.9734357595443726,2.232037568092346
Aldrin,0,2,zero,unknown,2.479146194458008,2.68558988571167
Aldrin,0,2,context_mean,unknown,2.7075246810913085,2.898196506500244
Aldrin,0,2,loglinear_interp,unknown,2.14487738609314,2.3609838247299195
Aldrin,0,2,hill_per_endpoint,unknown,2.14487738609314,2.3609838247299195
Aldrin,0,2,analog_knn,unknown,1.6583818197250366,1.9182750463485718
Aldrin,0,2,neurotrajectory,unknown,1.704921340942383,1.95526123046875
Aldrin,0,2,neurotrajectory_seed0,unknown,1.704921340942383,1.95526123046875
Aldrin,0,3,zero,unknown,2.3974950313568115,2.6206830978393554
Aldrin,0,3,context_mean,unknown,2.320981979370117,2.571530294418335
Aldrin,0,3,loglinear_interp,unknown,1.7620339393615723,1.9933140993118286
Aldrin,0,3,hill_per_endpoint,unknown,2.052665185928345,2.218809175491333
Aldrin,0,3,analog_knn,unknown,1.4218166828155518,1.68602397441864
Aldrin,0,3,neurotrajectory,unknown,1.5746453046798705,1.846675491333008
Aldrin,0,3,neurotrajectory_seed0,unknown,1.5746453046798705,1.846675491333008
Aldrin,0,4,zero,unknown,2.648356485366821,2.823728656768799
Aldrin,0,4,context_mean,unknown,2.268311882019043,2.5010855197906494
Aldrin,0,4,loglinear_interp,unknown,1.389114761352539,1.6185327291488647
Aldrin,0,4,hill_per_endpoint,unknown,1.5875363111495973,1.7607816457748413
Aldrin,0,4,analog_knn,unknown,1.509954047203064,1.768223237991333
Aldrin,0,4,neurotrajectory,unknown,1.3517466545104981,1.582430648803711
Aldrin,0,4,neurotrajectory_seed0,unknown,1.3517466545104981,1.582430648803711
Benz(a)anthracene,0,0,zero,unknown,1.3370723724365234,1.719309687614441
Benz(a)anthracene,0,0,context_mean,unknown,1.3370723724365234,1.719309687614441
Benz(a)anthracene,0,0,loglinear_interp,unknown,1.3370723724365234,1.719309687614441
Benz(a)anthracene,0,0,hill_per_endpoint,unknown,1.3370723724365234,1.719309687614441
Benz(a)anthracene,0,0,analog_knn,unknown,1.0509392023086548,1.6417282819747925
Benz(a)anthracene,0,0,neurotrajectory,unknown,1.0841442346572876,1.6829851865768433
Benz(a)anthracene,0,0,neurotrajectory_seed0,unknown,1.0841442346572876,1.6829851865768433
Benz(a)anthracene,0,1,zero,unknown,1.412014365196228,1.7829909563064574
Benz(a)anthracene,0,1,context_mean,unknown,1.3617237329483032,1.7835838556289674
Benz(a)anthracene,0,1,loglinear_interp,unknown,1.3617237329483032,1.7835838556289674
Benz(a)anthracene,0,1,hill_per_endpoint,unknown,1.3617237329483032,1.7835838556289674
Benz(a)anthracene,0,1,analog_knn,unknown,1.028625524044037,1.578634262084961
Benz(a)anthracene,0,1,neurotrajectory,unknown,1.107758355140686,1.6444147825241089
Benz(a)anthracene,0,1,neurotrajectory_seed0,unknown,1.107758355140686,1.6444147825241089
Benz(a)anthracene,0,2,zero,unknown,1.3062175273895265,1.69392728805542
Benz(a)anthracene,0,2,context_mean,unknown,1.2299784660339355,1.7390885829925538
Benz(a)anthracene,0,2,loglinear_interp,unknown,1.196610426902771,1.6963919401168823
Benz(a)anthracene,0,2,hill_per_endpoint,unknown,1.196610426902771,1.6963919401168823
Benz(a)anthracene,0,2,analog_knn,unknown,0.9761200308799743,1.5404809713363647
Benz(a)anthracene,0,2,neurotrajectory,unknown,0.9897910118103027,1.53604154586792
Benz(a)anthracene,0,2,neurotrajectory_seed0,unknown,0.9897910118103027,1.53604154586792
Benz(a)anthracene,0,3,zero,unknown,1.2940444946289062,1.683961033821106
Benz(a)anthracene,0,3,context_mean,unknown,1.188966405391693,1.6539199590682983
Benz(a)anthracene,0,3,loglinear_interp,unknown,1.1483590126037597,1.628760027885437
Benz(a)anthracene,0,3,hill_per_endpoint,unknown,1.2066002011299133,1.6683098077774048
Benz(a)anthracene,0,3,analog_knn,unknown,0.9310198068618775,1.4617295503616332
Benz(a)anthracene,0,3,neurotrajectory,unknown,0.9315315961837769,1.4623189449310303
Benz(a)anthracene,0,3,neurotrajectory_seed0,unknown,0.9315315961837769,1.4623189449310303
Benz(a)anthracene,0,4,zero,unknown,1.4785407304763794,1.8504766941070556
Benz(a)anthracene,0,4,context_mean,unknown,1.142402720451355,1.6650771856307984
Benz(a)anthracene,0,4,loglinear_interp,unknown,1.1350707054138183,1.6428973436355592
Benz(a)anthracene,0,4,hill_per_endpoint,unknown,1.2524637699127197,1.7534868240356445
Benz(a)anthracene,0,4,analog_knn,unknown,0.9770080924034119,1.5594467878341676
Benz(a)anthracene,0,4,neurotrajectory,unknown,0.9939446687698364,1.5629154920578003
Benz(a)anthracene,0,4,neurotrajectory_seed0,unknown,0.9939446687698364,1.5629154920578003
"Benzo[g,h,i]perylene",0,0,zero,unknown,1.3885986804962158,1.7649428844451904
"Benzo[g,h,i]perylene",0,0,context_mean,unknown,1.3885986804962158,1.7649428844451904
"Benzo[g,h,i]perylene",0,0,loglinear_interp,unknown,1.3885986804962158,1.7649428844451904
"Benzo[g,h,i]perylene",0,0,hill_per_endpoint,unknown,1.3885986804962158,1.7649428844451904
"Benzo[g,h,i]perylene",0,0,analog_knn,unknown,1.2178378105163574,1.6916604042053223
"Benzo[g,h,i]perylene",0,0,neurotrajectory,unknown,1.2125859260559082,1.6902028322219849
"Benzo[g,h,i]perylene",0,0,neurotrajectory_seed0,unknown,1.2125859260559082,1.6902028322219849
"Benzo[g,h,i]perylene",0,1,zero,unknown,1.407161331176758,1.7766450643539429
"Benzo[g,h,i]perylene",0,1,context_mean,unknown,1.191239833831787,1.709781789779663
"Benzo[g,h,i]perylene",0,1,loglinear_interp,unknown,1.191239833831787,1.709781789779663
"Benzo[g,h,i]perylene",0,1,hill_per_endpoint,unknown,1.191239833831787,1.709781789779663
"Benzo[g,h,i]perylene",0,1,analog_knn,unknown,1.1804848909378052,1.665894913673401
"Benzo[g,h,i]perylene",0,1,neurotrajectory,unknown,1.0224609375,1.6048935890197753
"Benzo[g,h,i]perylene",0,1,neurotrajectory_seed0,unknown,1.0224609375,1.6048935890197753
"Benzo[g,h,i]perylene",0,2,zero,unknown,1.4398481369018554,1.808234167098999
"Benzo[g,h,i]perylene",0,2,context_mean,unknown,1.0947460412979126,1.6615315675735474
"Benzo[g,h,i]perylene",0,2,loglinear_interp,unknown,1.0817982792854308,1.6716848373413087
"Benzo[g,h,i]perylene",0,2,hill_per_endpoint,unknown,1.0817982792854308,1.6716848373413087
"Benzo[g,h,i]perylene",0,2,analog_knn,unknown,1.2170718669891358,1.700943398475647
"Benzo[g,h,i]perylene",0,2,neurotrajectory,unknown,0.9844221353530884,1.6072670698165894
"Benzo[g,h,i]perylene",0,2,neurotrajectory_seed0,unknown,0.9844221353530884,1.6072670698165894
"Benzo[g,h,i]perylene",0,3,zero,unknown,1.3615108489990235,1.746105146408081
"Benzo[g,h,i]perylene",0,3,context_mean,unknown,0.9817470669746399,1.5866273880004882
"Benzo[g,h,i]perylene",0,3,loglinear_interp,unknown,0.9254560470581055,1.5682163953781127
"Benzo[g,h,i]perylene",0,3,hill_per_endpoint,unknown,0.982650101184845,1.6128464937210083
"Benzo[g,h,i]perylene",0,3,analog_knn,unknown,1.1125548005104064,1.6287569284439087
"Benzo[g,h,i]perylene",0,3,neurotrajectory,unknown,0.9151121735572815,1.562390971183777
"Benzo[g,h,i]perylene",0,3,neurotrajectory_seed0,unknown,0.9151121735572815,1.562390971183777
"Benzo[g,h,i]perylene",0,4,zero,unknown,1.327376914024353,1.7202596187591552
"Benzo[g,h,i]perylene",0,4,context_mean,unknown,1.0035843253135681,1.598134422302246
"Benzo[g,h,i]perylene",0,4,loglinear_interp,unknown,0.9619292855262757,1.578179931640625
"Benzo[g,h,i]perylene",0,4,hill_per_endpoint,unknown,0.9834759473800659,1.6013584852218627
"Benzo[g,h,i]perylene",0,4,analog_knn,unknown,1.1117609739303589,1.6247354984283446
"Benzo[g,h,i]perylene",0,4,neurotrajectory,unknown,0.9642805099487305,1.5873385429382325
"Benzo[g,h,i]perylene",0,4,neurotrajectory_seed0,unknown,0.9642805099487305,1.5873385429382325
Boric acid (H3BO3),0,0,zero,unknown,0.8265224695205688,1.2678351402282715
Boric acid (H3BO3),0,0,context_mean,unknown,0.8265224695205688,1.2678351402282715
Boric acid (H3BO3),0,0,loglinear_interp,unknown,0.8265224695205688,1.2678351402282715
Boric acid (H3BO3),0,0,hill_per_endpoint,unknown,0.8265224695205688,1.2678351402282715
Boric acid (H3BO3),0,0,analog_knn,unknown,1.2679921388626099,1.6724579334259033
Boric acid (H3BO3),0,0,neurotrajectory,unknown,1.3091408014297485,1.7191908359527588
Boric acid (H3BO3),0,0,neurotrajectory_seed0,unknown,1.3091408014297485,1.7191908359527588
Boric acid (H3BO3),0,1,zero,unknown,0.8235520124435425,1.2612141609191894
Boric acid (H3BO3),0,1,context_mean,unknown,0.9593331813812256,1.395916962623596
Boric acid (H3BO3),0,1,loglinear_interp,unknown,0.9593331813812256,1.395916962623596
Boric acid (H3BO3),0,1,hill_per_endpoint,unknown,0.9593331813812256,1.395916962623596
Boric acid (H3BO3),0,1,analog_knn,unknown,1.081624448299408,1.5271891832351685
Boric acid (H3BO3),0,1,neurotrajectory,unknown,1.093043899536133,1.5104965686798095
Boric acid (H3BO3),0,1,neurotrajectory_seed0,unknown,1.093043899536133,1.5104965686798095
Boric acid (H3BO3),0,2,zero,unknown,0.8245689153671265,1.274883794784546
Boric acid (H3BO3),0,2,context_mean,unknown,0.8512715935707093,1.3317747592926026
Boric acid (H3BO3),0,2,loglinear_interp,unknown,0.9428921699523926,1.3913844585418702
Boric acid (H3BO3),0,2,hill_per_endpoint,unknown,0.9428921699523926,1.3913844585418702
Boric acid (H3BO3),0,2,analog_knn,unknown,0.8736491322517395,1.3690381288528441
Boric acid (H3BO3),0,2,neurotrajectory,unknown,0.888529372215271,1.3496113300323487
Boric acid (H3BO3),0,2,neurotrajectory_seed0,unknown,0.888529372215271,1.3496113300323487
Boric acid (H3BO3),0,3,zero,unknown,0.7916716694831848,1.2278170585632324
Boric acid (H3BO3),0,3,context_mean,unknown,0.7776858091354371,1.247922658920288
Boric acid (H3BO3),0,3,loglinear_interp,unknown,0.9758978128433228,1.3766030311584472
Boric acid (H3BO3),0,3,hill_per_endpoint,unknown,1.1365904331207275,1.5432085514068603
Boric acid (H3BO3),0,3,analog_knn,unknown,0.7676734209060669,1.2751131772994995
Boric acid (H3BO3),0,3,neurotrajectory,unknown,0.8655572056770324,1.3043822050094604
Boric acid (H3BO3),0,3,neurotrajectory_seed0,unknown,0.8655572056770324,1.3043822050094604
Boric acid (H3BO3),0,4,zero,unknown,0.7886451482772827,1.2531766414642334
Boric acid (H3BO3),0,4,context_mean,unknown,0.7521796703338623,1.2617778062820435
Boric acid (H3BO3),0,4,loglinear_interp,unknown,0.9001205682754516,1.3523560285568237
Boric acid (H3BO3),0,4,hill_per_endpoint,unknown,1.1485393166542053,1.5760124921798706
Boric acid (H3BO3),0,4,analog_knn,unknown,0.7800003170967102,1.3096147775650024
Boric acid (H3BO3),0,4,neurotrajectory,unknown,0.8505590558052063,1.3191306352615357
Boric acid (H3BO3),0,4,neurotrajectory_seed0,unknown,0.8505590558052063,1.3191306352615357
Boscalid,0,0,zero,unknown,1.1729581356048584,1.6706949472427368
Boscalid,0,0,context_mean,unknown,1.1729581356048584,1.6706949472427368
Boscalid,0,0,loglinear_interp,unknown,1.1729581356048584,1.6706949472427368
Boscalid,0,0,hill_per_endpoint,unknown,1.1729581356048584,1.6706949472427368
Boscalid,0,0,analog_knn,unknown,0.8230067491531372,1.5492172241210938
Boscalid,0,0,neurotrajectory,unknown,0.8926803469657898,1.598642110824585
Boscalid,0,0,neurotrajectory_seed0,unknown,0.8926803469657898,1.598642110824585
Boscalid,0,1,zero,unknown,1.1471071600914002,1.643148922920227
Boscalid,0,1,context_mean,unknown,1.174886202812195,1.7599437236785889
Boscalid,0,1,loglinear_interp,unknown,1.174886202812195,1.7599437236785889
Boscalid,0,1,hill_per_endpoint,unknown,1.174886202812195,1.7599437236785889
Boscalid,0,1,analog_knn,unknown,0.7720373153686524,1.496528434753418
Boscalid,0,1,neurotrajectory,unknown,0.7022333145141602,1.4434184074401855
Boscalid,0,1,neurotrajectory_seed0,unknown,0.7022333145141602,1.4434184074401855
Boscalid,0,2,zero,unknown,1.160867202281952,1.6620068550109863
Boscalid,0,2,context_mean,unknown,0.9495290637016296,1.6184876203536986
Boscalid,0,2,loglinear_interp,unknown,0.8512042999267578,1.5484745979309082
Boscalid,0,2,hill_per_endpoint,unknown,0.8512042999267578,1.5484745979309082
Boscalid,0,2,analog_knn,unknown,0.7872431755065918,1.4911652088165284
Boscalid,0,2,neurotrajectory,unknown,0.6840010285377502,1.455576753616333
Boscalid,0,2,neurotrajectory_seed0,unknown,0.6840010285377502,1.455576753616333
Boscalid,0,3,zero,unknown,1.3576634645462036,1.8570950508117676
Boscalid,0,3,context_mean,unknown,0.947793161869049,1.6763464212417603
Boscalid,0,3,loglinear_interp,unknown,0.8466253280639648,1.6228628396987914
Boscalid,0,3,hill_per_endpoint,unknown,1.1546562910079956,1.8366724014282227
Boscalid,0,3,analog_knn,unknown,0.8579752087593079,1.6306222200393676
Boscalid,0,3,neurotrajectory,unknown,0.7416054129600524,1.582427716255188
Boscalid,0,3,neurotrajectory_seed0,unknown,0.7416054129600524,1.582427716255188
Boscalid,0,4,zero,unknown,1.212608027458191,1.686634349822998
Boscalid,0,4,context_mean,unknown,0.8797793865203858,1.557565689086914
Boscalid,0,4,loglinear_interp,unknown,0.715126371383667,1.4514795780181884
Boscalid,0,4,hill_per_endpoint,unknown,0.7130189776420593,1.4493677854537963
Boscalid,0,4,analog_knn,unknown,0.783782160282135,1.466594672203064
Boscalid,0,4,neurotrajectory,unknown,0.6487929701805115,1.4033891916275025
Boscalid,0,4,neurotrajectory_seed0,unknown,0.6487929701805115,1.4033891916275025
CP-457920,0,0,zero,unknown,1.442481517791748,1.817720890045166
CP-457920,0,0,context_mean,unknown,1.442481517791748,1.817720890045166
CP-457920,0,0,loglinear_interp,unknown,1.442481517791748,1.817720890045166
CP-457920,0,0,hill_per_endpoint,unknown,1.442481517791748,1.817720890045166
CP-457920,0,0,analog_knn,unknown,1.3136260509490967,1.775050401687622
CP-457920,0,0,neurotrajectory,unknown,1.3702399730682373,1.833960771560669
CP-457920,0,0,neurotrajectory_seed0,unknown,1.3702399730682373,1.833960771560669
CP-457920,0,1,zero,unknown,1.4310861110687256,1.8056288242340088
CP-457920,0,1,context_mean,unknown,1.5608601808547973,1.9162721157073974
CP-457920,0,1,loglinear_interp,unknown,1.5608601808547973,1.9162721157073974
CP-457920,0,1,hill_per_endpoint,unknown,1.5608601808547973,1.9162721157073974
CP-457920,0,1,analog_knn,unknown,1.2507953882217406,1.709936499595642
CP-457920,0,1,neurotrajectory,unknown,1.1415271282196044,1.6113078594207764
CP-457920,0,1,neurotrajectory_seed0,unknown,1.1415271282196044,1.6113078594207764
CP-457920,0,2,zero,unknown,1.3756611347198486,1.76400625705719
CP-457920,0,2,context_mean,unknown,1.3744056224822998,1.7737908363342285
CP-457920,0,2,loglinear_interp,unknown,1.3439331531524659,1.742426872253418
CP-457920,0,2,hill_per_endpoint,unknown,1.3439331531524659,1.742426872253418
CP-457920,0,2,analog_knn,unknown,1.1282062768936156,1.6108929872512818
CP-457920,0,2,neurotrajectory,unknown,1.0633672714233398,1.545736050605774
CP-457920,0,2,neurotrajectory_seed0,unknown,1.0633672714233398,1.545736050605774
CP-457920,0,3,zero,unknown,1.612523579597473,1.9674309730529784
CP-457920,0,3,context_mean,unknown,1.3642413377761842,1.810477900505066
CP-457920,0,3,loglinear_interp,unknown,1.2986909389495849,1.7499240159988403
CP-457920,0,3,hill_per_endpoint,unknown,1.6855924129486084,2.0946910619735717
CP-457920,0,3,analog_knn,unknown,1.3940417051315308,1.872583270072937
CP-457920,0,3,neurotrajectory,unknown,1.1445986866950988,1.6522369384765625
CP-457920,0,3,neurotrajectory_seed0,unknown,1.1445986866950988,1.6522369384765625
CP-457920,0,4,zero,unknown,1.4925402879714966,1.8559372186660767
CP-457920,0,4,context_mean,unknown,1.187039041519165,1.6571773052215577
CP-457920,0,4,loglinear_interp,unknown,1.0711007118225098,1.5569429397583008
CP-457920,0,4,hill_per_endpoint,unknown,1.2569663763046264,1.669768762588501
CP-457920,0,4,analog_knn,unknown,1.1897363662719727,1.674549412727356
CP-457920,0,4,neurotrajectory,unknown,0.9918517827987671,1.516696310043335
CP-457920,0,4,neurotrajectory_seed0,unknown,0.9918517827987671,1.516696310043335
Chlorpyrifos,0,0,zero,positive,1.8729631900787354,2.165883779525757
Chlorpyrifos,0,0,context_mean,positive,1.8729631900787354,2.165883779525757
Chlorpyrifos,0,0,loglinear_interp,positive,1.8729631900787354,2.165883779525757
Chlorpyrifos,0,0,hill_per_endpoint,positive,1.8729631900787354,2.165883779525757
Chlorpyrifos,0,0,analog_knn,positive,1.6648776531219482,2.0465266704559326
Chlorpyrifos,0,0,neurotrajectory,positive,1.5834702253341675,1.9884110689163208
Chlorpyrifos,0,0,neurotrajectory_seed0,positive,1.5834702253341675,1.9884110689163208
Chlorpyrifos,0,1,zero,positive,1.7878199815750122,2.0935413360595705
Chlorpyrifos,0,1,context_mean,positive,2.706603741645813,3.0525869369506835
Chlorpyrifos,0,1,loglinear_interp,positive,2.706603741645813,3.0525869369506835
Chlorpyrifos,0,1,hill_per_endpoint,positive,2.706603741645813,3.0525869369506835
Chlorpyrifos,0,1,analog_knn,positive,1.7563207149505615,2.131498122215271
Chlorpyrifos,0,1,neurotrajectory,positive,1.6297516584396363,2.04852454662323
Chlorpyrifos,0,1,neurotrajectory_seed0,positive,1.6297516584396363,2.04852454662323
Chlorpyrifos,0,2,zero,positive,1.994213914871216,2.2206533193588256
Chlorpyrifos,0,2,context_mean,positive,2.1402241230010985,2.45955491065979
Chlorpyrifos,0,2,loglinear_interp,positive,1.886084246635437,2.2482860326766967
Chlorpyrifos,0,2,hill_per_endpoint,positive,1.886084246635437,2.2482860326766967
Chlorpyrifos,0,2,analog_knn,positive,1.7761850357055664,2.14295871257782
Chlorpyrifos,0,2,neurotrajectory,positive,1.5261521577835082,1.9611151456832885
Chlorpyrifos,0,2,neurotrajectory_seed0,positive,1.5261521577835082,1.9611151456832885
Chlorpyrifos,0,3,zero,positive,1.600559377670288,1.8927993059158326
Chlorpyrifos,0,3,context_mean,positive,2.1034924030303954,2.4364299297332765
Chlorpyrifos,0,3,loglinear_interp,positive,1.3068415641784668,1.7466407537460327
Chlorpyrifos,0,3,hill_per_endpoint,positive,1.4404881000518799,1.8252415418624879
Chlorpyrifos,0,3,analog_knn,positive,1.2631592750549316,1.700157141685486
Chlorpyrifos,0,3,neurotrajectory,positive,1.145858144760132,1.6333085298538208
Chlorpyrifos,0,3,neurotrajectory_seed0,positive,1.145858144760132,1.6333085298538208
Chlorpyrifos,0,4,zero,positive,1.5929579377174377,1.9895985841751098
Chlorpyrifos,0,4,context_mean,positive,1.9734856605529785,2.3569857597351076
Chlorpyrifos,0,4,loglinear_interp,positive,1.499356985092163,1.930072283744812
Chlorpyrifos,0,4,hill_per_endpoint,positive,1.6783018827438354,2.0546539545059206
Chlorpyrifos,0,4,analog_knn,positive,1.451672101020813,1.8874247550964356
Chlorpyrifos,0,4,neurotrajectory,positive,1.3080189943313598,1.7805385351181031
Chlorpyrifos,0,4,neurotrajectory_seed0,positive,1.3080189943313598,1.7805385351181031
Cyfluthrin,0,0,zero,unknown,2.4721524715423584,2.7505316734313965
Cyfluthrin,0,0,context_mean,unknown,2.4721524715423584,2.7505316734313965
Cyfluthrin,0,0,loglinear_interp,unknown,2.4721524715423584,2.7505316734313965
Cyfluthrin,0,0,hill_per_endpoint,unknown,2.4721524715423584,2.7505316734313965
Cyfluthrin,0,0,analog_knn,unknown,1.7857394218444824,2.1564178466796875
Cyfluthrin,0,0,neurotrajectory,unknown,1.7281749248504639,2.0980162620544434
Cyfluthrin,0,0,neurotrajectory_seed0,unknown,1.7281749248504639,2.0980162620544434
Cyfluthrin,0,1,zero,unknown,2.5257101535797117,2.796800470352173
Cyfluthrin,0,1,context_mean,unknown,2.5476908683776855,2.8212305545806884
Cyfluthrin,0,1,loglinear_interp,unknown,2.5476908683776855,2.8212305545806884
Cyfluthrin,0,1,hill_per_endpoint,unknown,2.5476908683776855,2.8212305545806884
Cyfluthrin,0,1,analog_knn,unknown,1.4339481711387634,1.837691330909729
Cyfluthrin,0,1,neurotrajectory,unknown,1.580519700050354,1.9412583351135253
Cyfluthrin,0,1,neurotrajectory_seed0,unknown,1.580519700050354,1.9412583351135253
Cyfluthrin,0,2,zero,unknown,2.1003087043762205,2.413685655593872
Cyfluthrin,0,2,context_mean,unknown,2.452067184448242,2.7273142337799072
Cyfluthrin,0,2,loglinear_interp,unknown,1.973025918006897,2.297170639038086
Cyfluthrin,0,2,hill_per_endpoint,unknown,1.973025918006897,2.297170639038086
Cyfluthrin,0,2,analog_knn,unknown,0.9796080708503723,1.4682833909988404
Cyfluthrin,0,2,neurotrajectory,unknown,1.0934619188308716,1.5488216161727906
Cyfluthrin,0,2,neurotrajectory_seed0,unknown,1.0934619188308716,1.5488216161727906
Cyfluthrin,0,3,zero,unknown,2.5055827617645265,2.770679473876953
Cyfluthrin,0,3,context_mean,unknown,2.2753085613250734,2.6244123935699464
Cyfluthrin,0,3,loglinear_interp,unknown,1.3913891196250916,1.828313374519348
Cyfluthrin,0,3,hill_per_endpoint,unknown,1.487239408493042,1.8884057521820068
Cyfluthrin,0,3,analog_knn,unknown,1.1517041444778442,1.5832514762878418
Cyfluthrin,0,3,neurotrajectory,unknown,1.1252099394798278,1.584636402130127
Cyfluthrin,0,3,neurotrajectory_seed0,unknown,1.1252099394798278,1.584636402130127
Cyfluthrin,0,4,zero,unknown,2.6921481132507323,2.9276061058044434
Cyfluthrin,0,4,context_mean,unknown,2.0801899671554565,2.404554343223572
Cyfluthrin,0,4,loglinear_interp,unknown,1.0767860651016234,1.5319590330123902
Cyfluthrin,0,4,hill_per_endpoint,unknown,1.2712048172950745,1.6182764768600464
Cyfluthrin,0,4,analog_knn,unknown,1.034418523311615,1.4646719455718995
Cyfluthrin,0,4,neurotrajectory,unknown,0.9774767637252808,1.4339359045028686
Cyfluthrin,0,4,neurotrajectory_seed0,unknown,0.9774767637252808,1.4339359045028686
Cytarabine,0,0,zero,positive,4.455898284912109,4.928789138793945
Cytarabine,0,0,context_mean,positive,4.455898284912109,4.928789138793945
Cytarabine,0,0,loglinear_interp,positive,4.455898284912109,4.928789138793945
Cytarabine,0,0,hill_per_endpoint,positive,4.455898284912109,4.928789138793945
Cytarabine,0,0,analog_knn,positive,3.49061918258667,3.9715428352355957
Cytarabine,0,0,neurotrajectory,positive,3.3960163593292236,3.855647087097168
Cytarabine,0,0,neurotrajectory_seed0,positive,3.3960163593292236,3.855647087097168
Cytarabine,0,1,zero,positive,4.341291618347168,4.82192907333374
Cytarabine,0,1,context_mean,positive,3.2558537483215333,3.7335397243499755
Cytarabine,0,1,loglinear_interp,positive,3.2558537483215333,3.7335397243499755
Cytarabine,0,1,hill_per_endpoint,positive,3.2558537483215333,3.7335397243499755
Cytarabine,0,1,analog_knn,positive,2.1985005378723144,2.770600938796997
Cytarabine,0,1,neurotrajectory,positive,2.336333417892456,2.867277193069458
Cytarabine,0,1,neurotrajectory_seed0,positive,2.336333417892456,2.867277193069458
Cytarabine,0,2,zero,positive,3.952381896972656,4.4610748291015625
Cytarabine,0,2,context_mean,positive,2.963693046569824,3.4655758857727053
Cytarabine,0,2,loglinear_interp,positive,2.675905227661133,3.1828948497772216
Cytarabine,0,2,hill_per_endpoint,positive,2.675905227661133,3.1828948497772216
Cytarabine,0,2,analog_knn,positive,1.7206708192825317,2.308734726905823
Cytarabine,0,2,neurotrajectory,positive,1.6704439163208007,2.298989009857178
Cytarabine,0,2,neurotrajectory_seed0,positive,1.6704439163208007,2.298989009857178
Cytarabine,0,3,zero,positive,4.90224928855896,5.365470504760742
Cytarabine,0,3,context_mean,positive,3.3454424858093263,3.778150177001953
Cytarabine,0,3,loglinear_interp,positive,1.7529110431671142,2.346590209007263
Cytarabine,0,3,hill_per_endpoint,positive,1.2834457159042358,1.880689263343811
Cytarabine,0,3,analog_knn,positive,1.4354426383972168,2.0310579776763915
Cytarabine,0,3,neurotrajectory,positive,1.324377465248108,1.9532085418701173
Cytarabine,0,3,neurotrajectory_seed0,positive,1.324377465248108,1.9532085418701173
Cytarabine,0,4,zero,positive,4.271686983108521,4.782724475860595
Cytarabine,0,4,context_mean,positive,2.991765928268433,3.4011435985565184
Cytarabine,0,4,loglinear_interp,positive,1.7111798048019409,2.26761257648468
Cytarabine,0,4,hill_per_endpoint,positive,1.341102159023285,1.9388816356658936
Cytarabine,0,4,analog_knn,positive,1.5466120362281799,2.1798411130905153
Cytarabine,0,4,neurotrajectory,positive,1.501140308380127,2.121095871925354
Cytarabine,0,4,neurotrajectory_seed0,positive,1.501140308380127,2.121095871925354
"Dibenz[a,h]anthracene",0,0,zero,unknown,1.0450633764266968,1.384954571723938
"Dibenz[a,h]anthracene",0,0,context_mean,unknown,1.0450633764266968,1.384954571723938
"Dibenz[a,h]anthracene",0,0,loglinear_interp,unknown,1.0450633764266968,1.384954571723938
"Dibenz[a,h]anthracene",0,0,hill_per_endpoint,unknown,1.0450633764266968,1.384954571723938
"Dibenz[a,h]anthracene",0,0,analog_knn,unknown,1.199073314666748,1.5352410078048706
"Dibenz[a,h]anthracene",0,0,neurotrajectory,unknown,1.3141757249832153,1.625597357749939
"Dibenz[a,h]anthracene",0,0,neurotrajectory_seed0,unknown,1.3141757249832153,1.625597357749939
"Dibenz[a,h]anthracene",0,1,zero,unknown,1.0334940075874328,1.3746724605560303
"Dibenz[a,h]anthracene",0,1,context_mean,unknown,1.0440125703811645,1.4172277212142945
"Dibenz[a,h]anthracene",0,1,loglinear_interp,unknown,1.0440125703811645,1.4172277212142945
"Dibenz[a,h]anthracene",0,1,hill_per_endpoint,unknown,1.0440125703811645,1.4172277212142945
"Dibenz[a,h]anthracene",0,1,analog_knn,unknown,1.088999581336975,1.4709903955459596
"Dibenz[a,h]anthracene",0,1,neurotrajectory,unknown,1.212616777420044,1.5747833251953125
"Dibenz[a,h]anthracene",0,1,neurotrajectory_seed0,unknown,1.212616777420044,1.5747833251953125
"Dibenz[a,h]anthracene",0,2,zero,unknown,1.0331283330917358,1.375545859336853
"Dibenz[a,h]anthracene",0,2,context_mean,unknown,0.8985698223114014,1.2973938941955567
"Dibenz[a,h]anthracene",0,2,loglinear_interp,unknown,0.8904964089393616,1.3046017646789552
"Dibenz[a,h]anthracene",0,2,hill_per_endpoint,unknown,0.8904964089393616,1.3046017646789552
"Dibenz[a,h]anthracene",0,2,analog_knn,unknown,1.0479088187217713,1.4347000598907471
"Dibenz[a,h]anthracene",0,2,neurotrajectory,unknown,1.021531891822815,1.4202328681945802
"Dibenz[a,h]anthracene",0,2,neurotrajectory_seed0,unknown,1.021531891822815,1.4202328681945802
"Dibenz[a,h]anthracene",0,3,zero,unknown,1.0723809719085693,1.4341635704040527
"Dibenz[a,h]anthracene",0,3,context_mean,unknown,0.819447374343872,1.2857353687286377
"Dibenz[a,h]anthracene",0,3,loglinear_interp,unknown,0.8253983616828918,1.2991041898727418
"Dibenz[a,h]anthracene",0,3,hill_per_endpoint,unknown,0.9943322777748108,1.4351250648498535
"Dibenz[a,h]anthracene",0,3,analog_knn,unknown,0.9088146209716796,1.35365948677063
"Dibenz[a,h]anthracene",0,3,neurotrajectory,unknown,0.7899897336959839,1.282465648651123
"Dibenz[a,h]anthracene",0,3,neurotrajectory_seed0,unknown,0.7899897336959839,1.282465648651123
"Dibenz[a,h]anthracene",0,4,zero,unknown,1.1080653190612793,1.431874942779541
"Dibenz[a,h]anthracene",0,4,context_mean,unknown,0.7949345946311951,1.2367388248443603
"Dibenz[a,h]anthracene",0,4,loglinear_interp,unknown,0.7829561948776245,1.2268986225128173
"Dibenz[a,h]anthracene",0,4,hill_per_endpoint,unknown,0.8406747817993164,1.2573448181152345
"Dibenz[a,h]anthracene",0,4,analog_knn,unknown,0.8652989387512207,1.284580659866333
"Dibenz[a,h]anthracene",0,4,neurotrajectory,unknown,0.7577904224395752,1.2121187210083009
"Dibenz[a,h]anthracene",0,4,neurotrajectory_seed0,unknown,0.7577904224395752,1.2121187210083009
Disulfoton,0,0,zero,unknown,0.7175185084342957,1.176544427871704
Disulfoton,0,0,context_mean,unknown,0.7175185084342957,1.176544427871704
Disulfoton,0,0,loglinear_interp,unknown,0.7175185084342957,1.176544427871704
Disulfoton,0,0,hill_per_endpoint,unknown,0.7175185084342957,1.176544427871704
Disulfoton,0,0,analog_knn,unknown,1.012384295463562,1.4660807847976685
Disulfoton,0,0,neurotrajectory,unknown,1.0548384189605713,1.5199546813964844
Disulfoton,0,0,neurotrajectory_seed0,unknown,1.0548384189605713,1.5199546813964844
Disulfoton,0,1,zero,unknown,0.7003129243850708,1.161853551864624
Disulfoton,0,1,context_mean,unknown,0.8566719651222229,1.3261228799819946
Disulfoton,0,1,loglinear_interp,unknown,0.8566719651222229,1.3261228799819946
Disulfoton,0,1,hill_per_endpoint,unknown,0.8566719651222229,1.3261228799819946
Disulfoton,0,1,analog_knn,unknown,0.9643631339073181,1.4634690046310426
Disulfoton,0,1,neurotrajectory,unknown,0.8495824337005615,1.3523908615112306
Disulfoton,0,1,neurotrajectory_seed0,unknown,0.8495824337005615,1.3523908615112306
Disulfoton,0,2,zero,unknown,0.7065477967262268,1.1672677993774414
Disulfoton,0,2,context_mean,unknown,0.7081675887107849,1.227091121673584
Disulfoton,0,2,loglinear_interp,unknown,0.7689480662345887,1.257875633239746
Disulfoton,0,2,hill_per_endpoint,unknown,0.7689480662345887,1.257875633239746
Disulfoton,0,2,analog_knn,unknown,0.8654376029968261,1.3792730569839478
Disulfoton,0,2,neurotrajectory,unknown,0.8308480620384217,1.3318398952484132
Disulfoton,0,2,neurotrajectory_seed0,unknown,0.8308480620384217,1.3318398952484132
Disulfoton,0,3,zero,unknown,0.7022733330726624,1.160923957824707
Disulfoton,0,3,context_mean,unknown,0.648802125453949,1.2031838178634644
Disulfoton,0,3,loglinear_interp,unknown,0.7111007928848266,1.2205872774124145
Disulfoton,0,3,hill_per_endpoint,unknown,0.7796319127082825,1.3011285066604614
Disulfoton,0,3,analog_knn,unknown,0.6308077692985534,1.1602293968200683
Disulfoton,0,3,neurotrajectory,unknown,0.6436201691627502,1.1655272722244263
Disulfoton,0,3,neurotrajectory_seed0,unknown,0.6436201691627502,1.1655272722244263
Disulfoton,0,4,zero,unknown,0.6864702105522156,1.1258779287338256
Disulfoton,0,4,context_mean,unknown,0.613295990228653,1.1511784076690674
Disulfoton,0,4,loglinear_interp,unknown,0.7983476519584656,1.2439281463623046
Disulfoton,0,4,hill_per_endpoint,unknown,0.8286285161972046,1.2696423768997191
Disulfoton,0,4,analog_knn,unknown,0.6921189308166504,1.1920153141021728
Disulfoton,0,4,neurotrajectory,unknown,0.6887033700942993,1.1706091165542603
Disulfoton,0,4,neurotrajectory_seed0,unknown,0.6887033700942993,1.1706091165542603
Enadoline,0,0,zero,unknown,1.3471226692199707,1.7344812154769897
Enadoline,0,0,context_mean,unknown,1.3471226692199707,1.7344812154769897
Enadoline,0,0,loglinear_interp,unknown,1.3471226692199707,1.7344812154769897
Enadoline,0,0,hill_per_endpoint,unknown,1.3471226692199707,1.7344812154769897
Enadoline,0,0,analog_knn,unknown,1.4807227849960327,1.8446552753448486
Enadoline,0,0,neurotrajectory,unknown,1.507796287536621,1.8622828722000122
Enadoline,0,0,neurotrajectory_seed0,unknown,1.507796287536621,1.8622828722000122
Enadoline,0,1,zero,unknown,1.344612956047058,1.7270919322967528
Enadoline,0,1,context_mean,unknown,2.0488972902297973,2.3310909271240234
Enadoline,0,1,loglinear_interp,unknown,2.0488972902297973,2.3310909271240234
Enadoline,0,1,hill_per_endpoint,unknown,2.0488972902297973,2.3310909271240234
Enadoline,0,1,analog_knn,unknown,1.4049326658248902,1.7963025569915771
Enadoline,0,1,neurotrajectory,unknown,1.385190200805664,1.749865984916687
Enadoline,0,1,neurotrajectory_seed0,unknown,1.385190200805664,1.749865984916687
Enadoline,0,2,zero,unknown,1.431560468673706,1.8044121742248536
Enadoline,0,2,context_mean,unknown,1.6761001586914062,1.9983320236206055
Enadoline,0,2,loglinear_interp,unknown,1.654815673828125,1.9513997316360474
Enadoline,0,2,hill_per_endpoint,unknown,1.654815673828125,1.9513997316360474
Enadoline,0,2,analog_knn,unknown,1.4278484582901,1.8124389886856078
Enadoline,0,2,neurotrajectory,unknown,1.4151014328002929,1.766684317588806
Enadoline,0,2,neurotrajectory_seed0,unknown,1.4151014328002929,1.766684317588806
Enadoline,0,3,zero,unknown,1.3732173919677735,1.7730566024780274
Enadoline,0,3,context_mean,unknown,1.6038668632507325,1.9553181886672975
Enadoline,0,3,loglinear_interp,unknown,1.4771450757980347,1.827017855644226
Enadoline,0,3,hill_per_endpoint,unknown,1.5461086988449098,1.892680025100708
Enadoline,0,3,analog_knn,unknown,1.3732771754264832,1.7947973251342773
Enadoline,0,3,neurotrajectory,unknown,1.2977781653404237,1.697659397125244
Enadoline,0,3,neurotrajectory_seed0,unknown,1.2977781653404237,1.697659397125244
Enadoline,0,4,zero,unknown,1.5292037725448608,1.8965586185455323
Enadoline,0,4,context_mean,unknown,1.552447772026062,1.930357027053833
Enadoline,0,4,loglinear_interp,unknown,1.512606930732727,1.8387299299240112
Enadoline,0,4,hill_per_endpoint,unknown,1.5494972467422485,1.8589487314224242
Enadoline,0,4,analog_knn,unknown,1.466320514678955,1.8787758588790893
Enadoline,0,4,neurotrajectory,unknown,1.371419358253479,1.7440593957901
Enadoline,0,4,neurotrajectory_seed0,unknown,1.371419358253479,1.7440593957901
Erythromycin,0,0,zero,negative,1.3181431293487549,1.9124876260757446
Erythromycin,0,0,context_mean,negative,1.3181431293487549,1.9124876260757446
Erythromycin,0,0,loglinear_interp,negative,1.3181431293487549,1.9124876260757446
Erythromycin,0,0,hill_per_endpoint,negative,1.3181431293487549,1.9124876260757446
Erythromycin,0,0,analog_knn,negative,1.0547370910644531,1.885109305381775
Erythromycin,0,0,neurotrajectory,negative,1.1051467657089233,1.9193888902664185
Erythromycin,0,0,neurotrajectory_seed0,negative,1.1051467657089233,1.9193888902664185
Erythromycin,0,1,zero,negative,1.319537377357483,1.9177873373031615
Erythromycin,0,1,context_mean,negative,1.4242446660995483,2.106791543960571
Erythromycin,0,1,loglinear_interp,negative,1.4242446660995483,2.106791543960571
Erythromycin,0,1,hill_per_endpoint,negative,1.4242446660995483,2.106791543960571
Erythromycin,0,1,analog_knn,negative,1.08418607711792,1.9027262687683106
Erythromycin,0,1,neurotrajectory,negative,0.9959329247474671,1.83711519241333
Erythromycin,0,1,neurotrajectory_seed0,negative,0.9959329247474671,1.83711519241333
Erythromycin,0,2,zero,negative,1.278573703765869,1.8949602842330933
Erythromycin,0,2,context_mean,negative,1.1706377029418946,1.9830403804779053
Erythromycin,0,2,loglinear_interp,negative,1.1978668689727783,1.9911600351333618
Erythromycin,0,2,hill_per_endpoint,negative,1.1978668689727783,1.9911600351333618
Erythromycin,0,2,analog_knn,negative,1.001290774345398,1.8044177532196044
Erythromycin,0,2,neurotrajectory,negative,0.92116379737854,1.7827114820480348
Erythromycin,0,2,neurotrajectory_seed0,negative,0.92116379737854,1.7827114820480348
Erythromycin,0,3,zero,negative,1.13208110332489,1.7296417951583862
Erythromycin,0,3,context_mean,negative,1.1224761962890626,1.9007841348648071
Erythromycin,0,3,loglinear_interp,negative,1.0851316571235656,1.8491899013519286
Erythromycin,0,3,hill_per_endpoint,negative,1.0732328176498414,1.800673508644104
Erythromycin,0,3,analog_knn,negative,0.9470867872238159,1.7068037509918212
Erythromycin,0,3,neurotrajectory,negative,0.8744227290153503,1.6682681560516357
Erythromycin,0,3,neurotrajectory_seed0,negative,0.8744227290153503,1.6682681560516357
Erythromycin,0,4,zero,negative,1.2218461394309998,1.8092108249664307
Erythromycin,0,4,context_mean,negative,1.0024123907089233,1.8016482591629028
Erythromycin,0,4,loglinear_interp,negative,1.0601824998855591,1.804060959815979
Erythromycin,0,4,hill_per_endpoint,negative,1.2219342947006226,1.9376285314559936
Erythromycin,0,4,analog_knn,negative,0.9299283623695374,1.697978639602661
Erythromycin,0,4,neurotrajectory,negative,0.8455031394958497,1.660757565498352
Erythromycin,0,4,neurotrajectory_seed0,negative,0.8455031394958497,1.660757565498352
Ethoprop,0,0,zero,unknown,1.869224190711975,2.297318458557129
Ethoprop,0,0,context_mean,unknown,1.869224190711975,2.297318458557129
Ethoprop,0,0,loglinear_interp,unknown,1.869224190711975,2.297318458557129
Ethoprop,0,0,hill_per_endpoint,unknown,1.869224190711975,2.297318458557129
Ethoprop,0,0,analog_knn,unknown,1.4321630001068115,1.9635603427886963
Ethoprop,0,0,neurotrajectory,unknown,1.4141203165054321,1.9429491758346558
Ethoprop,0,0,neurotrajectory_seed0,unknown,1.4141203165054321,1.9429491758346558
Ethoprop,0,1,zero,unknown,2.003977346420288,2.4231475830078124
Ethoprop,0,1,context_mean,unknown,1.925474429130554,2.3724819660186767
Ethoprop,0,1,loglinear_interp,unknown,1.925474429130554,2.3724819660186767
Ethoprop,0,1,hill_per_endpoint,unknown,1.925474429130554,2.3724819660186767
Ethoprop,0,1,analog_knn,unknown,1.4302430391311645,1.9456593990325928
Ethoprop,0,1,neurotrajectory,unknown,1.4393939256668091,1.9595600605010985
Ethoprop,0,1,neurotrajectory_seed0,unknown,1.4393939256668091,1.9595600605010985
Ethoprop,0,2,zero,unknown,1.716494607925415,2.186257529258728
Ethoprop,0,2,context_mean,unknown,2.329308557510376,2.7367525577545164
Ethoprop,0,2,loglinear_interp,unknown,1.7858894348144532,2.273632121086121
Ethoprop,0,2,hill_per_endpoint,unknown,1.7858894348144532,2.273632121086121
Ethoprop,0,2,analog_knn,unknown,1.5240965366363526,2.0331913948059084
Ethoprop,0,2,neurotrajectory,unknown,1.1906183958053589,1.783323550224304
Ethoprop,0,2,neurotrajectory_seed0,unknown,1.1906183958053589,1.783323550224304
Ethoprop,0,3,zero,unknown,1.9779022932052612,2.3922555923461912
Ethoprop,0,3,context_mean,unknown,1.8521957397460938,2.3045947551727295
Ethoprop,0,3,loglinear_interp,unknown,1.556340503692627,2.0707462072372436
Ethoprop,0,3,hill_per_endpoint,unknown,1.6858102321624755,2.13198504447937
Ethoprop,0,3,analog_knn,unknown,1.557477021217346,2.034148383140564
Ethoprop,0,3,neurotrajectory,unknown,1.2914484024047852,1.865155005455017
Ethoprop,0,3,neurotrajectory_seed0,unknown,1.2914484024047852,1.865155005455017
Ethoprop,0,4,zero,unknown,1.5677512645721436,2.0348701238632203
Ethoprop,0,4,context_mean,unknown,2.0547614097595215,2.4470776557922362
Ethoprop,0,4,loglinear_interp,unknown,1.4159679889678956,1.9076608180999757
Ethoprop,0,4,hill_per_endpoint,unknown,1.3131308555603027,1.820094919204712
Ethoprop,0,4,analog_knn,unknown,1.3404078245162965,1.8499849081039428
Ethoprop,0,4,neurotrajectory,unknown,1.1947777152061463,1.7376434326171875
Ethoprop,0,4,neurotrajectory_seed0,unknown,1.1947777152061463,1.7376434326171875
Fenamiphos,0,0,zero,unknown,1.445552110671997,1.8930563926696777
Fenamiphos,0,0,context_mean,unknown,1.445552110671997,1.8930563926696777
Fenamiphos,0,0,loglinear_interp,unknown,1.445552110671997,1.8930563926696777
Fenamiphos,0,0,hill_per_endpoint,unknown,1.445552110671997,1.8930563926696777
Fenamiphos,0,0,analog_knn,unknown,1.3343987464904785,1.9190596342086792
Fenamiphos,0,0,neurotrajectory,unknown,1.391687273979187,1.9756733179092407
Fenamiphos,0,0,neurotrajectory_seed0,unknown,1.391687273979187,1.9756733179092407
Fenamiphos,0,1,zero,unknown,1.4355677843093873,1.8871611833572388
Fenamiphos,0,1,context_mean,unknown,1.2925360918045044,1.8767841100692748
Fenamiphos,0,1,loglinear_interp,unknown,1.2925360918045044,1.8767841100692748
Fenamiphos,0,1,hill_per_endpoint,unknown,1.2925360918045044,1.8767841100692748
Fenamiphos,0,1,analog_knn,unknown,1.1165042638778686,1.7479873657226563
Fenamiphos,0,1,neurotrajectory,unknown,1.0779239892959596,1.723755693435669
Fenamiphos,0,1,neurotrajectory_seed0,unknown,1.0779239892959596,1.723755693435669
Fenamiphos,0,2,zero,unknown,1.4694539308547974,1.9386003494262696
Fenamiphos,0,2,context_mean,unknown,1.0707408666610718,1.7509073734283447
Fenamiphos,0,2,loglinear_interp,unknown,1.1253200054168702,1.7874521493911744
Fenamiphos,0,2,hill_per_endpoint,unknown,1.1253200054168702,1.7874521493911744
Fenamiphos,0,2,analog_knn,unknown,1.1325099468231201,1.7715843677520753
Fenamiphos,0,2,neurotrajectory,unknown,1.045666551589966,1.7312760591506957
Fenamiphos,0,2,neurotrajectory_seed0,unknown,1.045666551589966,1.7312760591506957
Fenamiphos,0,3,zero,unknown,1.3738298892974854,1.8603764533996583
Fenamiphos,0,3,context_mean,unknown,1.0407407402992248,1.731791043281555
Fenamiphos,0,3,loglinear_interp,unknown,1.06024169921875,1.7395374059677124
Fenamiphos,0,3,hill_per_endpoint,unknown,1.1322779178619384,1.7669447422027589
Fenamiphos,0,3,analog_knn,unknown,1.0033223986625672,1.6963485717773437
Fenamiphos,0,3,neurotrajectory,unknown,0.9187761425971985,1.6264407873153686
Fenamiphos,0,3,neurotrajectory_seed0,unknown,0.9187761425971985,1.6264407873153686
Fenamiphos,0,4,zero,unknown,1.2714995384216308,1.768089199066162
Fenamiphos,0,4,context_mean,unknown,1.0302459955215455,1.7053215742111205
Fenamiphos,0,4,loglinear_interp,unknown,1.085650587081909,1.7442328453063964
Fenamiphos,0,4,hill_per_endpoint,unknown,1.0568488001823426,1.6953218221664428
Fenamiphos,0,4,analog_knn,unknown,0.960785186290741,1.6487589359283448
Fenamiphos,0,4,neurotrajectory,unknown,0.8892540216445923,1.5945817708969117
Fenamiphos,0,4,neurotrajectory_seed0,unknown,0.8892540216445923,1.5945817708969117
Fluconazole,0,0,zero,negative,1.039972186088562,1.5160430669784546
Fluconazole,0,0,context_mean,negative,1.039972186088562,1.5160430669784546
Fluconazole,0,0,loglinear_interp,negative,1.039972186088562,1.5160430669784546
Fluconazole,0,0,hill_per_endpoint,negative,1.039972186088562,1.5160430669784546
Fluconazole,0,0,analog_knn,negative,1.3386865854263306,1.8092960119247437
Fluconazole,0,0,neurotrajectory,negative,1.3924516439437866,1.8536105155944824
Fluconazole,0,0,neurotrajectory_seed0,negative,1.3924516439437866,1.8536105155944824
Fluconazole,0,1,zero,negative,1.041320562362671,1.5163753271102904
Fluconazole,0,1,context_mean,negative,1.2839070320129395,1.7242295265197753
Fluconazole,0,1,loglinear_interp,negative,1.2839070320129395,1.7242295265197753
Fluconazole,0,1,hill_per_endpoint,negative,1.2839070320129395,1.7242295265197753
Fluconazole,0,1,analog_knn,negative,1.1326703906059266,1.6423983812332152
Fluconazole,0,1,neurotrajectory,negative,1.2638989090919495,1.7563821077346802
Fluconazole,0,1,neurotrajectory_seed0,negative,1.2638989090919495,1.7563821077346802
Fluconazole,0,2,zero,negative,1.031354546546936,1.5070042848587035
Fluconazole,0,2,context_mean,negative,1.1099160075187684,1.6187265396118165
Fluconazole,0,2,loglinear_interp,negative,1.132260298728943,1.638001036643982
Fluconazole,0,2,hill_per_endpoint,negative,1.132260298728943,1.638001036643982
Fluconazole,0,2,analog_knn,negative,0.9904494166374207,1.5304060220718383
Fluconazole,0,2,neurotrajectory,negative,1.1199886083602906,1.6483499526977539
Fluconazole,0,2,neurotrajectory_seed0,negative,1.1199886083602906,1.6483499526977539
Fluconazole,0,3,zero,negative,1.0304871797561646,1.455259418487549
Fluconazole,0,3,context_mean,negative,1.0810969471931458,1.5569044351577759
Fluconazole,0,3,loglinear_interp,negative,1.0706237196922301,1.5460174083709717
Fluconazole,0,3,hill_per_endpoint,negative,1.0983473777770996,1.5781862497329713
Fluconazole,0,3,analog_knn,negative,0.9431848287582397,1.4342845916748046
Fluconazole,0,3,neurotrajectory,negative,0.9897090435028076,1.4964884281158448
Fluconazole,0,3,neurotrajectory_seed0,negative,0.9897090435028076,1.4964884281158448
Fluconazole,0,4,zero,negative,1.0229347109794618,1.4570950984954834
Fluconazole,0,4,context_mean,negative,1.0706003546714782,1.5430116653442383
Fluconazole,0,4,loglinear_interp,negative,1.0147435784339904,1.5035892963409423
Fluconazole,0,4,hill_per_endpoint,negative,1.159041166305542,1.6065295696258546
Fluconazole,0,4,analog_knn,negative,0.9760338664054871,1.4756360530853272
Fluconazole,0,4,neurotrajectory,negative,1.0650909900665284,1.5555235624313355
Fluconazole,0,4,neurotrajectory_seed0,negative,1.0650909900665284,1.5555235624313355
Flufenacet,0,0,zero,unknown,0.9749104380607605,1.3934975862503052
Flufenacet,0,0,context_mean,unknown,0.9749104380607605,1.3934975862503052
Flufenacet,0,0,loglinear_interp,unknown,0.9749104380607605,1.3934975862503052
Flufenacet,0,0,hill_per_endpoint,unknown,0.9749104380607605,1.3934975862503052
Flufenacet,0,0,analog_knn,unknown,1.1188552379608154,1.5820648670196533
Flufenacet,0,0,neurotrajectory,unknown,1.1598410606384277,1.6254993677139282
Flufenacet,0,0,neurotrajectory_seed0,unknown,1.1598410606384277,1.6254993677139282
Flufenacet,0,1,zero,unknown,0.9618916511535645,1.383456254005432
Flufenacet,0,1,context_mean,unknown,1.0511104106903075,1.4783723115921021
Flufenacet,0,1,loglinear_interp,unknown,1.0511104106903075,1.4783723115921021
Flufenacet,0,1,hill_per_endpoint,unknown,1.0511104106903075,1.4783723115921021
Flufenacet,0,1,analog_knn,unknown,0.9363068699836731,1.4221024751663207
Flufenacet,0,1,neurotrajectory,unknown,0.8890238523483276,1.3697107076644897
Flufenacet,0,1,neurotrajectory_seed0,unknown,0.8890238523483276,1.3697107076644897
Flufenacet,0,2,zero,unknown,0.984882926940918,1.396585178375244
Flufenacet,0,2,context_mean,unknown,0.8913765788078308,1.3742736101150512
Flufenacet,0,2,loglinear_interp,unknown,0.9829862713813782,1.4364100694656372
Flufenacet,0,2,hill_per_endpoint,unknown,0.9829862713813782,1.4364100694656372
Flufenacet,0,2,analog_knn,unknown,0.9081768989562988,1.401011085510254
Flufenacet,0,2,neurotrajectory,unknown,0.9182977080345154,1.3998135566711425
Flufenacet,0,2,neurotrajectory_seed0,unknown,0.9182977080345154,1.3998135566711425
Flufenacet,0,3,zero,unknown,1.0427432298660277,1.445998978614807
Flufenacet,0,3,context_mean,unknown,0.8253155589103699,1.3288665056228637
Flufenacet,0,3,loglinear_interp,unknown,0.9592641830444336,1.4061650276184081
Flufenacet,0,3,hill_per_endpoint,unknown,1.1775396943092347,1.5917958974838258
Flufenacet,0,3,analog_knn,unknown,0.787931752204895,1.3127420663833618
Flufenacet,0,3,neurotrajectory,unknown,0.8373333930969238,1.3291743040084838
Flufenacet,0,3,neurotrajectory_seed0,unknown,0.8373333930969238,1.3291743040084838
Flufenacet,0,4,zero,unknown,1.0867172479629517,1.4697845458984375
Flufenacet,0,4,context_mean,unknown,0.8496056437492371,1.342577624320984
Flufenacet,0,4,loglinear_interp,unknown,0.9499115586280823,1.4175217628479004
Flufenacet,0,4,hill_per_endpoint,unknown,1.211639976501465,1.6130754947662354
Flufenacet,0,4,analog_knn,unknown,0.810783302783966,1.331168818473816
Flufenacet,0,4,neurotrajectory,unknown,0.8265835046768188,1.3285786390304566
Flufenacet,0,4,neurotrajectory_seed0,unknown,0.8265835046768188,1.3285786390304566
Fluoxastrobin,0,0,zero,unknown,2.2282137870788574,2.3779854774475098
Fluoxastrobin,0,0,context_mean,unknown,2.2282137870788574,2.3779854774475098
Fluoxastrobin,0,0,loglinear_interp,unknown,2.2282137870788574,2.3779854774475098
Fluoxastrobin,0,0,hill_per_endpoint,unknown,2.2282137870788574,2.3779854774475098
Fluoxastrobin,0,0,analog_knn,unknown,1.6000243425369263,1.9575412273406982
Fluoxastrobin,0,0,neurotrajectory,unknown,1.5265464782714844,1.9033236503601074
Fluoxastrobin,0,0,neurotrajectory_seed0,unknown,1.5265464782714844,1.9033236503601074
Fluoxastrobin,0,1,zero,unknown,2.2261000156402586,2.404985952377319
Fluoxastrobin,0,1,context_mean,unknown,2.5699525833129884,2.8883385181427004
Fluoxastrobin,0,1,loglinear_interp,unknown,2.5699525833129884,2.8883385181427004
Fluoxastrobin,0,1,hill_per_endpoint,unknown,2.5699525833129884,2.8883385181427004
Fluoxastrobin,0,1,analog_knn,unknown,1.35342857837677,1.8512813091278075
Fluoxastrobin,0,1,neurotrajectory,unknown,1.1994390606880188,1.7688472270965576
Fluoxastrobin,0,1,neurotrajectory_seed0,unknown,1.1994390606880188,1.7688472270965576
Fluoxastrobin,0,2,zero,unknown,2.0855092287063597,2.246054530143738
Fluoxastrobin,0,2,context_mean,unknown,2.5949140071868895,2.8646706104278565
Fluoxastrobin,0,2,loglinear_interp,unknown,2.215776491165161,2.581688094139099
Fluoxastrobin,0,2,hill_per_endpoint,unknown,2.215776491165161,2.581688094139099
Fluoxastrobin,0,2,analog_knn,unknown,1.0534810662269591,1.5994596481323242
Fluoxastrobin,0,2,neurotrajectory,unknown,1.0476388812065125,1.665949559211731
Fluoxastrobin,0,2,neurotrajectory_seed0,unknown,1.0476388812065125,1.665949559211731
Fluoxastrobin,0,3,zero,unknown,1.9214648962020875,2.223022794723511
Fluoxastrobin,0,3,context_mean,unknown,2.408324122428894,2.7405019283294676
Fluoxastrobin,0,3,loglinear_interp,unknown,1.677211856842041,2.224172806739807
Fluoxastrobin,0,3,hill_per_endpoint,unknown,1.77937970161438,2.326071786880493
Fluoxastrobin,0,3,analog_knn,unknown,0.9921286225318908,1.6228711128234863
Fluoxastrobin,0,3,neurotrajectory,unknown,0.8292929649353027,1.5483972549438476
Fluoxastrobin,0,3,neurotrajectory_seed0,unknown,0.8292929649353027,1.5483972549438476
Fluoxastrobin,0,4,zero,unknown,2.5484689235687257,2.612927484512329
Fluoxastrobin,0,4,context_mean,unknown,2.3262911081314086,2.547946548461914
Fluoxastrobin,0,4,loglinear_interp,unknown,1.5948390722274781,2.041410708427429
Fluoxastrobin,0,4,hill_per_endpoint,unknown,1.614765751361847,2.091154456138611
Fluoxastrobin,0,4,analog_knn,unknown,1.1567872166633606,1.7050605535507202
Fluoxastrobin,0,4,neurotrajectory,unknown,1.096425473690033,1.7356491088867188
Fluoxastrobin,0,4,neurotrajectory_seed0,unknown,1.096425473690033,1.7356491088867188
Fluoxetine hydrochloride,0,0,zero,positive,2.811962842941284,3.0578513145446777
Fluoxetine hydrochloride,0,0,context_mean,positive,2.811962842941284,3.0578513145446777
Fluoxetine hydrochloride,0,0,loglinear_interp,positive,2.811962842941284,3.0578513145446777
Fluoxetine hydrochloride,0,0,hill_per_endpoint,positive,2.811962842941284,3.0578513145446777
Fluoxetine hydrochloride,0,0,analog_knn,positive,2.2506258487701416,2.547309160232544
Fluoxetine hydrochloride,0,0,neurotrajectory,positive,2.1583080291748047,2.454402208328247
Fluoxetine hydrochloride,0,0,neurotrajectory_seed0,positive,2.1583080291748047,2.454402208328247
Fluoxetine hydrochloride,0,1,zero,positive,2.712386894226074,2.9648571491241453
Fluoxetine hydrochloride,0,1,context_mean,positive,3.156570625305176,3.4015355110168457
Fluoxetine hydrochloride,0,1,loglinear_interp,positive,3.156570625305176,3.4015355110168457
Fluoxetine hydrochloride,0,1,hill_per_endpoint,positive,3.156570625305176,3.4015355110168457
Fluoxetine hydrochloride,0,1,analog_knn,positive,2.052802562713623,2.3621191501617433
Fluoxetine hydrochloride,0,1,neurotrajectory,positive,2.033150625228882,2.3480013847351073
Fluoxetine hydrochloride,0,1,neurotrajectory_seed0,positive,2.033150625228882,2.3480013847351073
Fluoxetine hydrochloride,0,2,zero,positive,2.549307346343994,2.8263043403625487
Fluoxetine hydrochloride,0,2,context_mean,positive,3.031258201599121,3.257703924179077
Fluoxetine hydrochloride,0,2,loglinear_interp,positive,2.171818256378174,2.45788733959198
Fluoxetine hydrochloride,0,2,hill_per_endpoint,positive,2.171818256378174,2.45788733959198
Fluoxetine hydrochloride,0,2,analog_knn,positive,1.6015286922454834,1.9422702074050904
Fluoxetine hydrochloride,0,2,neurotrajectory,positive,1.4756640434265136,1.8457690000534057
Fluoxetine hydrochloride,0,2,neurotrajectory_seed0,positive,1.4756640434265136,1.8457690000534057
Fluoxetine hydrochloride,0,3,zero,positive,2.3145195484161376,2.59603009223938
Fluoxetine hydrochloride,0,3,context_mean,positive,2.6737519264221192,2.955142068862915
Fluoxetine hydrochloride,0,3,loglinear_interp,positive,1.4133296966552735,1.834119725227356
Fluoxetine hydrochloride,0,3,hill_per_endpoint,positive,1.568627166748047,1.929256558418274
Fluoxetine hydrochloride,0,3,analog_knn,positive,1.578891968727112,1.934360647201538
Fluoxetine hydrochloride,0,3,neurotrajectory,positive,1.2412384033203125,1.6521161556243897
Fluoxetine hydrochloride,0,3,neurotrajectory_seed0,positive,1.2412384033203125,1.6521161556243897
Fluoxetine hydrochloride,0,4,zero,positive,2.973810648918152,3.2122201204299925
Fluoxetine hydrochloride,0,4,context_mean,positive,2.857387351989746,3.1544281959533693
Fluoxetine hydrochloride,0,4,loglinear_interp,positive,1.5907958507537843,1.992387557029724
Fluoxetine hydrochloride,0,4,hill_per_endpoint,positive,1.7708665132522583,2.0918640375137327
Fluoxetine hydrochloride,0,4,analog_knn,positive,1.8560145139694213,2.1469318866729736
Fluoxetine hydrochloride,0,4,neurotrajectory,positive,1.4629011869430542,1.8510029315948486
Fluoxetine hydrochloride,0,4,neurotrajectory_seed0,positive,1.4629011869430542,1.8510029315948486
Flusilazole,0,0,zero,unknown,2.000568151473999,2.129732608795166
Flusilazole,0,0,context_mean,unknown,2.000568151473999,2.129732608795166
Flusilazole,0,0,loglinear_interp,unknown,2.000568151473999,2.129732608795166
Flusilazole,0,0,hill_per_endpoint,unknown,2.000568151473999,2.129732608795166
Flusilazole,0,0,analog_knn,unknown,1.5715845823287964,1.7779520750045776
Flusilazole,0,0,neurotrajectory,unknown,1.5872952938079834,1.7828527688980103
Flusilazole,0,0,neurotrajectory_seed0,unknown,1.5872952938079834,1.7828527688980103
Flusilazole,0,1,zero,unknown,2.0410102128982546,2.172407054901123
Flusilazole,0,1,context_mean,unknown,2.018050694465637,2.2474810600280763
Flusilazole,0,1,loglinear_interp,unknown,2.018050694465637,2.2474810600280763
Flusilazole,0,1,hill_per_endpoint,unknown,2.018050694465637,2.2474810600280763
Flusilazole,0,1,analog_knn,unknown,1.4730130434036255,1.6979684114456177
Flusilazole,0,1,neurotrajectory,unknown,1.5009924650192261,1.7597915649414062
Flusilazole,0,1,neurotrajectory_seed0,unknown,1.5009924650192261,1.7597915649414062
Flusilazole,0,2,zero,unknown,1.9972004175186158,2.1251303434371946
Flusilazole,0,2,context_mean,unknown,2.128311204910278,2.3537621021270754
Flusilazole,0,2,loglinear_interp,unknown,1.8731209754943847,2.1229926109313966
Flusilazole,0,2,hill_per_endpoint,unknown,1.8731209754943847,2.1229926109313966
Flusilazole,0,2,analog_knn,unknown,1.537389302253723,1.746161699295044
Flusilazole,0,2,neurotrajectory,unknown,1.4320396423339843,1.701650047302246
Flusilazole,0,2,neurotrajectory_seed0,unknown,1.4320396423339843,1.701650047302246
Flusilazole,0,3,zero,unknown,2.197170305252075,2.3304763317108153
Flusilazole,0,3,context_mean,unknown,1.812071108818054,2.0725106239318847
Flusilazole,0,3,loglinear_interp,unknown,1.3722665548324584,1.6825560569763183
Flusilazole,0,3,hill_per_endpoint,unknown,1.6032853603363038,1.8589905977249146
Flusilazole,0,3,analog_knn,unknown,1.5062095403671265,1.7425306797027589
Flusilazole,0,3,neurotrajectory,unknown,1.220007562637329,1.5342982292175293
Flusilazole,0,3,neurotrajectory_seed0,unknown,1.220007562637329,1.5342982292175293
Flusilazole,0,4,zero,unknown,1.956354594230652,2.103085255622864
Flusilazole,0,4,context_mean,unknown,2.0715131521224976,2.291354608535767
Flusilazole,0,4,loglinear_interp,unknown,1.2470145344734191,1.5783315658569337
Flusilazole,0,4,hill_per_endpoint,unknown,1.3905846118927,1.648055076599121
Flusilazole,0,4,analog_knn,unknown,1.4026407957077027,1.6262759208679198
Flusilazole,0,4,neurotrajectory,unknown,1.0854581117630004,1.4208673000335694
Flusilazole,0,4,neurotrajectory_seed0,unknown,1.0854581117630004,1.4208673000335694
Glyphosate,0,0,zero,negative,1.4106501340866089,1.737534761428833
Glyphosate,0,0,context_mean,negative,1.4106501340866089,1.737534761428833
Glyphosate,0,0,loglinear_interp,negative,1.4106501340866089,1.737534761428833
Glyphosate,0,0,hill_per_endpoint,negative,1.4106501340866089,1.737534761428833
Glyphosate,0,0,analog_knn,negative,1.352237343788147,1.8046678304672241
Glyphosate,0,0,neurotrajectory,negative,1.4085739850997925,1.853244423866272
Glyphosate,0,0,neurotrajectory_seed0,negative,1.4085739850997925,1.853244423866272
Glyphosate,0,1,zero,negative,1.4444135427474976,1.7734919309616088
Glyphosate,0,1,context_mean,negative,1.2961610317230225,1.693642497062683
Glyphosate,0,1,loglinear_interp,negative,1.2961610317230225,1.693642497062683
Glyphosate,0,1,hill_per_endpoint,negative,1.2961610317230225,1.693642497062683
Glyphosate,0,1,analog_knn,negative,1.4234554767608643,1.8379420518875123
Glyphosate,0,1,neurotrajectory,negative,1.3085516929626464,1.7453155517578125
Glyphosate,0,1,neurotrajectory_seed0,negative,1.3085516929626464,1.7453155517578125
Glyphosate,0,2,zero,negative,1.4088382005691529,1.749435591697693
Glyphosate,0,2,context_mean,negative,1.2353039979934692,1.6599158763885498
Glyphosate,0,2,loglinear_interp,negative,1.293550682067871,1.7004934310913087
Glyphosate,0,2,hill_per_endpoint,negative,1.293550682067871,1.7004934310913087
Glyphosate,0,2,analog_knn,negative,1.5366027116775514,1.9235358476638793
Glyphosate,0,2,neurotrajectory,negative,1.3464170455932618,1.7677238702774047
Glyphosate,0,2,neurotrajectory_seed0,negative,1.3464170455932618,1.7677238702774047
Glyphosate,0,3,zero,negative,1.3869724035263062,1.6949926137924194
Glyphosate,0,3,context_mean,negative,1.0874154686927795,1.5291416883468627
Glyphosate,0,3,loglinear_interp,negative,1.2284428596496582,1.6330444812774658
Glyphosate,0,3,hill_per_endpoint,negative,1.4848666429519652,1.8448965787887572
Glyphosate,0,3,analog_knn,negative,1.536166000366211,1.9156331539154052
Glyphosate,0,3,neurotrajectory,negative,1.2889929294586182,1.705271053314209
Glyphosate,0,3,neurotrajectory_seed0,negative,1.2889929294586182,1.705271053314209
Glyphosate,0,4,zero,negative,1.3024398565292359,1.6300683259963988
Glyphosate,0,4,context_mean,negative,1.0791560411453247,1.5012239217758179
Glyphosate,0,4,loglinear_interp,negative,1.2310362815856934,1.623933982849121
Glyphosate,0,4,hill_per_endpoint,negative,1.409797763824463,1.7591432332992554
Glyphosate,0,4,analog_knn,negative,1.4294611930847168,1.7974056959152223
Glyphosate,0,4,neurotrajectory,negative,1.2251368880271911,1.6375423192977905
Glyphosate,0,4,neurotrajectory_seed0,negative,1.2251368880271911,1.6375423192977905
Hydroxyurea,0,0,zero,positive,1.6981536149978638,2.0706560611724854
Hydroxyurea,0,0,context_mean,positive,1.6981536149978638,2.0706560611724854
Hydroxyurea,0,0,loglinear_interp,positive,1.6981536149978638,2.0706560611724854
Hydroxyurea,0,0,hill_per_endpoint,positive,1.6981536149978638,2.0706560611724854
Hydroxyurea,0,0,analog_knn,positive,1.5435150861740112,2.0263729095458984
Hydroxyurea,0,0,neurotrajectory,positive,1.5933630466461182,2.080099582672119
Hydroxyurea,0,0,neurotrajectory_seed0,positive,1.5933630466461182,2.080099582672119
Hydroxyurea,0,1,zero,positive,1.6619842290878295,2.0342528104782103
Hydroxyurea,0,1,context_mean,positive,1.605138325691223,2.0327584981918334
Hydroxyurea,0,1,loglinear_interp,positive,1.605138325691223,2.0327584981918334
Hydroxyurea,0,1,hill_per_endpoint,positive,1.605138325691223,2.0327584981918334
Hydroxyurea,0,1,analog_knn,positive,1.443862509727478,1.9363338947296143
Hydroxyurea,0,1,neurotrajectory,positive,1.3991360664367676,1.923624873161316
Hydroxyurea,0,1,neurotrajectory_seed0,positive,1.3991360664367676,1.923624873161316
Hydroxyurea,0,2,zero,positive,1.6926539897918702,2.0637115716934202
Hydroxyurea,0,2,context_mean,positive,1.3298131942749023,1.8463154792785645
Hydroxyurea,0,2,loglinear_interp,positive,1.413375735282898,1.9079794406890869
Hydroxyurea,0,2,hill_per_endpoint,positive,1.413375735282898,1.9079794406890869
Hydroxyurea,0,2,analog_knn,positive,1.3715304136276245,1.8784607172012329
Hydroxyurea,0,2,neurotrajectory,positive,1.3801018476486206,1.9328400373458863
Hydroxyurea,0,2,neurotrajectory_seed0,positive,1.3801018476486206,1.9328400373458863
Hydroxyurea,0,3,zero,positive,1.7696068048477174,2.1381210803985597
Hydroxyurea,0,3,context_mean,positive,1.3292291641235352,1.851772713661194
Hydroxyurea,0,3,loglinear_interp,positive,1.2812880992889404,1.7999761581420899
Hydroxyurea,0,3,hill_per_endpoint,positive,1.3913904190063477,1.886730432510376
Hydroxyurea,0,3,analog_knn,positive,1.4524055242538452,1.9366894960403442
Hydroxyurea,0,3,neurotrajectory,positive,1.2965864539146423,1.8492938995361328
Hydroxyurea,0,3,neurotrajectory_seed0,positive,1.2965864539146423,1.8492938995361328
Hydroxyurea,0,4,zero,positive,1.7007245302200318,2.0835845470428467
Hydroxyurea,0,4,context_mean,positive,1.300174856185913,1.8685223579406738
Hydroxyurea,0,4,loglinear_interp,positive,1.3266456127166748,1.873207402229309
Hydroxyurea,0,4,hill_per_endpoint,positive,1.429951286315918,1.944146990776062
Hydroxyurea,0,4,analog_knn,positive,1.3897342920303344,1.9183396339416503
Hydroxyurea,0,4,neurotrajectory,positive,1.2943403244018554,1.8896678924560546
Hydroxyurea,0,4,neurotrajectory_seed0,positive,1.2943403244018554,1.8896678924560546
Isoniazid,0,0,zero,unknown,2.1220579147338867,2.4760422706604004
Isoniazid,0,0,context_mean,unknown,2.1220579147338867,2.4760422706604004
Isoniazid,0,0,loglinear_interp,unknown,2.1220579147338867,2.4760422706604004
Isoniazid,0,0,hill_per_endpoint,unknown,2.1220579147338867,2.4760422706604004
Isoniazid,0,0,analog_knn,unknown,1.4318253993988037,1.9624558687210083
Isoniazid,0,0,neurotrajectory,unknown,1.4481027126312256,1.9765225648880005
Isoniazid,0,0,neurotrajectory_seed0,unknown,1.4481027126312256,1.9765225648880005
Isoniazid,0,1,zero,unknown,2.1633901596069336,2.5123507499694826
Isoniazid,0,1,context_mean,unknown,1.5969786405563355,2.022569251060486
Isoniazid,0,1,loglinear_interp,unknown,1.5969786405563355,2.022569251060486
Isoniazid,0,1,hill_per_endpoint,unknown,1.5969786405563355,2.022569251060486
Isoniazid,0,1,analog_knn,unknown,1.4104239702224732,1.940633487701416
Isoniazid,0,1,neurotrajectory,unknown,1.192468786239624,1.7606796264648437
Isoniazid,0,1,neurotrajectory_seed0,unknown,1.192468786239624,1.7606796264648437
Isoniazid,0,2,zero,unknown,2.0031704902648926,2.3842306613922117
Isoniazid,0,2,context_mean,unknown,1.3919768333435059,1.882470679283142
Isoniazid,0,2,loglinear_interp,unknown,1.259545087814331,1.819197702407837
Isoniazid,0,2,hill_per_endpoint,unknown,1.259545087814331,1.819197702407837
Isoniazid,0,2,analog_knn,unknown,1.349067497253418,1.9113590955734252
Isoniazid,0,2,neurotrajectory,unknown,1.075481915473938,1.7030136823654174
Isoniazid,0,2,neurotrajectory_seed0,unknown,1.075481915473938,1.7030136823654174
Isoniazid,0,3,zero,unknown,2.0995375156402587,2.472506952285767
Isoniazid,0,3,context_mean,unknown,1.2129006862640381,1.7679418563842773
Isoniazid,0,3,loglinear_interp,unknown,0.9754796862602234,1.6286872386932374
Isoniazid,0,3,hill_per_endpoint,unknown,1.150626802444458,1.7494401454925537
Isoniazid,0,3,analog_knn,unknown,1.3555317163467406,1.9141425848007203
Isoniazid,0,3,neurotrajectory,unknown,0.969529390335083,1.639240312576294
Isoniazid,0,3,neurotrajectory_seed0,unknown,0.969529390335083,1.639240312576294
Isoniazid,0,4,zero,unknown,2.0070207118988037,2.3931771755218505
Isoniazid,0,4,context_mean,unknown,1.178880774974823,1.7366681575775147
Isoniazid,0,4,loglinear_interp,unknown,0.9276121497154236,1.6075523614883422
Isoniazid,0,4,hill_per_endpoint,unknown,1.0604361653327943,1.6914735078811645
Isoniazid,0,4,analog_knn,unknown,1.2542899608612061,1.8411352157592773
Isoniazid,0,4,neurotrajectory,unknown,0.9383708834648132,1.6273831605911255
Isoniazid,0,4,neurotrajectory_seed0,unknown,0.9383708834648132,1.6273831605911255
L-Domoic acid,0,0,zero,positive,2.8937084674835205,2.9004178047180176
L-Domoic acid,0,0,context_mean,positive,2.8937084674835205,2.9004178047180176
L-Domoic acid,0,0,loglinear_interp,positive,2.8937084674835205,2.9004178047180176
L-Domoic acid,0,0,hill_per_endpoint,positive,2.8937084674835205,2.9004178047180176
L-Domoic acid,0,0,analog_knn,positive,2.45040225982666,2.63822340965271
L-Domoic acid,0,0,neurotrajectory,positive,2.3914337158203125,2.604231357574463
L-Domoic acid,0,0,neurotrajectory_seed0,positive,2.3914337158203125,2.604231357574463
L-Domoic acid,0,1,zero,positive,2.730925703048706,2.7903321266174315
L-Domoic acid,0,1,context_mean,positive,3.6733983516693116,4.001717567443848
L-Domoic acid,0,1,loglinear_interp,positive,3.6733983516693116,4.001717567443848
L-Domoic acid,0,1,hill_per_endpoint,positive,3.6733983516693116,4.001717567443848
L-Domoic acid,0,1,analog_knn,positive,2.0053871870040894,2.4380784034729004
L-Domoic acid,0,1,neurotrajectory,positive,1.8411223411560058,2.378504753112793
L-Domoic acid,0,1,neurotrajectory_seed0,positive,1.8411223411560058,2.378504753112793
L-Domoic acid,0,2,zero,positive,3.171677589416504,3.072977876663208
L-Domoic acid,0,2,context_mean,positive,2.945636177062988,3.01314754486084
L-Domoic acid,0,2,loglinear_interp,positive,2.3045424461364745,2.608288526535034
L-Domoic acid,0,2,hill_per_endpoint,positive,2.3045424461364745,2.608288526535034
L-Domoic acid,0,2,analog_knn,positive,2.226634454727173,2.5253676414489745
L-Domoic acid,0,2,neurotrajectory,positive,1.6538723707199097,2.249813413619995
L-Domoic acid,0,2,neurotrajectory_seed0,positive,1.6538723707199097,2.249813413619995
L-Domoic acid,0,3,zero,positive,2.64752516746521,2.79217324256897
L-Domoic acid,0,3,context_mean,positive,2.791783905029297,3.102378177642822
L-Domoic acid,0,3,loglinear_interp,positive,1.6992759346961974,2.3799570083618162
L-Domoic acid,0,3,hill_per_endpoint,positive,1.6720810174942016,2.2857030391693116
L-Domoic acid,0,3,analog_knn,positive,1.6563701629638672,2.29181854724884
L-Domoic acid,0,3,neurotrajectory,positive,1.3258283734321594,2.1394872188568117
L-Domoic acid,0,3,neurotrajectory_seed0,positive,1.3258283734321594,2.1394872188568117
L-Domoic acid,0,4,zero,positive,3.205461549758911,2.9902434825897215
L-Domoic acid,0,4,context_mean,positive,3.1292932510375975,3.0415071487426757
L-Domoic acid,0,4,loglinear_interp,positive,1.7104563593864441,2.18732545375824
L-Domoic acid,0,4,hill_per_endpoint,positive,1.7186728477478028,2.1273345232009886
L-Domoic acid,0,4,analog_knn,positive,1.8554605007171632,2.2253774404525757
L-Domoic acid,0,4,neurotrajectory,positive,1.3782009124755858,1.9777030944824219
L-Domoic acid,0,4,neurotrajectory_seed0,positive,1.3782009124755858,1.9777030944824219
Lactofen,0,0,zero,unknown,1.0710538625717163,1.4634746313095093
Lactofen,0,0,context_mean,unknown,1.0710538625717163,1.4634746313095093
Lactofen,0,0,loglinear_interp,unknown,1.0710538625717163,1.4634746313095093
Lactofen,0,0,hill_per_endpoint,unknown,1.0710538625717163,1.4634746313095093
Lactofen,0,0,analog_knn,unknown,0.9476088881492615,1.4716942310333252
Lactofen,0,0,neurotrajectory,unknown,1.0215672254562378,1.5231990814208984
Lactofen,0,0,neurotrajectory_seed0,unknown,1.0215672254562378,1.5231990814208984
Lactofen,0,1,zero,unknown,1.0664459705352782,1.4661065578460692
Lactofen,0,1,context_mean,unknown,1.2721649408340454,1.668161725997925
Lactofen,0,1,loglinear_interp,unknown,1.2721649408340454,1.668161725997925
Lactofen,0,1,hill_per_endpoint,unknown,1.2721649408340454,1.668161725997925
Lactofen,0,1,analog_knn,unknown,0.9738236784934997,1.4842611074447631
Lactofen,0,1,neurotrajectory,unknown,0.9126318573951722,1.428381896018982
Lactofen,0,1,neurotrajectory_seed0,unknown,0.9126318573951722,1.428381896018982
Lactofen,0,2,zero,unknown,1.0128742814064027,1.4002070426940918
Lactofen,0,2,context_mean,unknown,1.054258358478546,1.4978927373886108
Lactofen,0,2,loglinear_interp,unknown,0.9829431772232056,1.4446681499481202
Lactofen,0,2,hill_per_endpoint,unknown,0.9829431772232056,1.4446681499481202
Lactofen,0,2,analog_knn,unknown,0.9407366275787353,1.4119217157363892
Lactofen,0,2,neurotrajectory,unknown,0.8840619564056397,1.3762294054031372
Lactofen,0,2,neurotrajectory_seed0,unknown,0.8840619564056397,1.3762294054031372
Lactofen,0,3,zero,unknown,1.0912003755569457,1.47294762134552
Lactofen,0,3,context_mean,unknown,1.0507157444953918,1.4985808372497558
Lactofen,0,3,loglinear_interp,unknown,1.0069793939590455,1.4693198919296264
Lactofen,0,3,hill_per_endpoint,unknown,1.0899873971939087,1.5280964374542236
Lactofen,0,3,analog_knn,unknown,0.9314017653465271,1.416369080543518
Lactofen,0,3,neurotrajectory,unknown,0.9186151385307312,1.4117835521698
Lactofen,0,3,neurotrajectory_seed0,unknown,0.9186151385307312,1.4117835521698
Lactofen,0,4,zero,unknown,0.9843569040298462,1.3563780546188355
Lactofen,0,4,context_mean,unknown,0.9199396729469299,1.3767245292663575
Lactofen,0,4,loglinear_interp,unknown,0.8755591630935669,1.3346360206604004
Lactofen,0,4,hill_per_endpoint,unknown,0.8474527597427368,1.31483051776886
Lactofen,0,4,analog_knn,unknown,0.8308178782463074,1.2925230264663696
Lactofen,0,4,neurotrajectory,unknown,0.8276052117347718,1.2975998401641846
Lactofen,0,4,neurotrajectory_seed0,unknown,0.8276052117347718,1.2975998401641846
Lovastatin,0,0,zero,unknown,2.3700199127197266,3.0441949367523193
Lovastatin,0,0,context_mean,unknown,2.3700199127197266,3.0441949367523193
Lovastatin,0,0,loglinear_interp,unknown,2.3700199127197266,3.0441949367523193
Lovastatin,0,0,hill_per_endpoint,unknown,2.3700199127197266,3.0441949367523193
Lovastatin,0,0,analog_knn,unknown,2.3081107139587402,3.128711462020874
Lovastatin,0,0,neurotrajectory,unknown,2.2589945793151855,3.101430892944336
Lovastatin,0,0,neurotrajectory_seed0,unknown,2.2589945793151855,3.101430892944336
Lovastatin,0,1,zero,unknown,2.3188087940216064,2.995532512664795
Lovastatin,0,1,context_mean,unknown,3.2737085819244385,4.06121072769165
Lovastatin,0,1,loglinear_interp,unknown,3.2737085819244385,4.06121072769165
Lovastatin,0,1,hill_per_endpoint,unknown,3.2737085819244385,4.06121072769165
Lovastatin,0,1,analog_knn,unknown,2.053648853302002,2.947381591796875
Lovastatin,0,1,neurotrajectory,unknown,2.1109716415405275,2.9597153186798097
Lovastatin,0,1,neurotrajectory_seed0,unknown,2.1109716415405275,2.9597153186798097
Lovastatin,0,2,zero,unknown,2.3494621753692626,3.053692102432251
Lovastatin,0,2,context_mean,unknown,3.0261021137237547,3.7802847385406495
Lovastatin,0,2,loglinear_interp,unknown,2.875797986984253,3.6632376670837403
Lovastatin,0,2,hill_per_endpoint,unknown,2.875797986984253,3.6632376670837403
Lovastatin,0,2,analog_knn,unknown,1.984889817237854,2.8951276302337647
Lovastatin,0,2,neurotrajectory,unknown,2.084838032722473,2.975716161727905
Lovastatin,0,2,neurotrajectory_seed0,unknown,2.084838032722473,2.975716161727905
Lovastatin,0,3,zero,unknown,2.3214205741882323,3.0242726802825928
Lovastatin,0,3,context_mean,unknown,2.3966751098632812,3.2814626693725586
Lovastatin,0,3,loglinear_interp,unknown,2.0313690662384034,3.023396301269531
Lovastatin,0,3,hill_per_endpoint,unknown,2.3911444425582884,3.2396952152252196
Lovastatin,0,3,analog_knn,unknown,1.7297773122787476,2.683594226837158
Lovastatin,0,3,neurotrajectory,unknown,1.8221545696258545,2.77353253364563
Lovastatin,0,3,neurotrajectory_seed0,unknown,1.8221545696258545,2.77353253364563
Lovastatin,0,4,zero,unknown,2.4534144401550293,3.0785078525543215
Lovastatin,0,4,context_mean,unknown,2.7517741203308104,3.5081817150115966
Lovastatin,0,4,loglinear_interp,unknown,1.9789154052734375,2.8896923542022703
Lovastatin,0,4,hill_per_endpoint,unknown,2.3742559909820558,3.2007803916931152
Lovastatin,0,4,analog_knn,unknown,1.89919056892395,2.767612600326538
Lovastatin,0,4,neurotrajectory,unknown,1.7996524333953858,2.707420301437378
Lovastatin,0,4,neurotrajectory_seed0,unknown,1.7996524333953858,2.707420301437378
Methadone hydrochloride,0,0,zero,positive,1.4828237295150757,1.9614895582199097
Methadone hydrochloride,0,0,context_mean,positive,1.4828237295150757,1.9614895582199097
Methadone hydrochloride,0,0,loglinear_interp,positive,1.4828237295150757,1.9614895582199097
Methadone hydrochloride,0,0,hill_per_endpoint,positive,1.4828237295150757,1.9614895582199097
Methadone hydrochloride,0,0,analog_knn,positive,1.4626078605651855,1.8714005947113037
Methadone hydrochloride,0,0,neurotrajectory,positive,1.434798240661621,1.8451495170593262
Methadone hydrochloride,0,0,neurotrajectory_seed0,positive,1.434798240661621,1.8451495170593262
Methadone hydrochloride,0,1,zero,positive,1.4482068777084351,1.9255984783172608
Methadone hydrochloride,0,1,context_mean,positive,2.2623552322387694,2.594177770614624
Methadone hydrochloride,0,1,loglinear_interp,positive,2.2623552322387694,2.594177770614624
Methadone hydrochloride,0,1,hill_per_endpoint,positive,2.2623552322387694,2.594177770614624
Methadone hydrochloride,0,1,analog_knn,positive,1.5163866043090821,1.9166346549987794
Methadone hydrochloride,0,1,neurotrajectory,positive,1.4411062717437744,1.8602756261825562
Methadone hydrochloride,0,1,neurotrajectory_seed0,positive,1.4411062717437744,1.8602756261825562
Methadone hydrochloride,0,2,zero,positive,1.6098594427108766,2.0266659021377564
Methadone hydrochloride,0,2,context_mean,positive,1.9825452327728272,2.2829169750213625
Methadone hydrochloride,0,2,loglinear_interp,positive,1.661303973197937,2.0286376953125
Methadone hydrochloride,0,2,hill_per_endpoint,positive,1.661303973197937,2.0286376953125
Methadone hydrochloride,0,2,analog_knn,positive,1.457186484336853,1.8694626808166503
Methadone hydrochloride,0,2,neurotrajectory,positive,1.3600305557250976,1.7678409337997436
Methadone hydrochloride,0,2,neurotrajectory_seed0,positive,1.3600305557250976,1.7678409337997436
Methadone hydrochloride,0,3,zero,positive,1.3089351296424865,1.8388007402420044
Methadone hydrochloride,0,3,context_mean,positive,1.7980704069137574,2.1214317321777343
Methadone hydrochloride,0,3,loglinear_interp,positive,1.3859107851982118,1.8005396842956543
Methadone hydrochloride,0,3,hill_per_endpoint,positive,1.541041326522827,1.9253289461135865
Methadone hydrochloride,0,3,analog_knn,positive,1.3198351860046387,1.785278081893921
Methadone hydrochloride,0,3,neurotrajectory,positive,1.1996653437614442,1.6709727764129638
Methadone hydrochloride,0,3,neurotrajectory_seed0,positive,1.1996653437614442,1.6709727764129638
Methadone hydrochloride,0,4,zero,positive,1.6673935890197753,2.039571166038513
Methadone hydrochloride,0,4,context_mean,positive,1.905424952507019,2.1965529203414915
Methadone hydrochloride,0,4,loglinear_interp,positive,1.4512904167175293,1.8037279844284058
Methadone hydrochloride,0,4,hill_per_endpoint,positive,1.5388148546218872,1.8627450704574584
Methadone hydrochloride,0,4,analog_knn,positive,1.4679156303405763,1.8556254386901856
Methadone hydrochloride,0,4,neurotrajectory,positive,1.3088956356048584,1.6916634559631347
Methadone hydrochloride,0,4,neurotrajectory_seed0,positive,1.3088956356048584,1.6916634559631347
Methotrexate,0,0,zero,positive,7.668488025665283,7.723666667938232
Methotrexate,0,0,context_mean,positive,7.668488025665283,7.723666667938232
Methotrexate,0,0,loglinear_interp,positive,7.668488025665283,7.723666667938232
Methotrexate,0,0,hill_per_endpoint,positive,7.668488025665283,7.723666667938232
Methotrexate,0,0,analog_knn,positive,6.414448261260986,6.450606822967529
Methotrexate,0,0,neurotrajectory,positive,6.291782379150391,6.321896553039551
Methotrexate,0,0,neurotrajectory_seed0,positive,6.291782379150391,6.321896553039551
Methotrexate,0,1,zero,positive,7.737646579742432,7.790102195739746
Methotrexate,0,1,context_mean,positive,1.6276771783828736,1.61071674823761
Methotrexate,0,1,loglinear_interp,positive,1.6276771783828736,1.61071674823761
Methotrexate,0,1,hill_per_endpoint,positive,1.6276771783828736,1.61071674823761
Methotrexate,0,1,analog_knn,positive,3.9510035514831543,3.969786596298218
Methotrexate,0,1,neurotrajectory,positive,3.7055991649627686,3.7132189750671385
Methotrexate,0,1,neurotrajectory_seed0,positive,3.7055991649627686,3.7132189750671385
Methotrexate,0,2,zero,positive,7.722440910339356,7.784248542785645
Methotrexate,0,2,context_mean,positive,1.5433646440505981,1.5042637586593628
Methotrexate,0,2,loglinear_interp,positive,1.395601749420166,1.3725291728973388
Methotrexate,0,2,hill_per_endpoint,positive,1.395601749420166,1.3725291728973388
Methotrexate,0,2,analog_knn,positive,3.2861869812011717,3.2943477630615234
Methotrexate,0,2,neurotrajectory,positive,4.029461193084717,4.020387172698975
Methotrexate,0,2,neurotrajectory_seed0,positive,4.029461193084717,4.020387172698975
Methotrexate,0,3,zero,positive,7.98167667388916,8.020970344543457
Methotrexate,0,3,context_mean,positive,1.4699999570846558,1.4443756103515626
Methotrexate,0,3,loglinear_interp,positive,0.8986787661910057,0.922743558883667
Methotrexate,0,3,hill_per_endpoint,positive,0.909143504500389,0.9188548982143402
Methotrexate,0,3,analog_knn,positive,2.3205490589141844,2.329463171958923
Methotrexate,0,3,neurotrajectory,positive,2.067167413234711,2.0772810339927674
Methotrexate,0,3,neurotrajectory_seed0,positive,2.067167413234711,2.0772810339927674
Methotrexate,0,4,zero,positive,7.199713039398193,7.236530303955078
Methotrexate,0,4,context_mean,positive,1.718715238571167,1.682479739189148
Methotrexate,0,4,loglinear_interp,positive,1.468503487110138,1.474827617406845
Methotrexate,0,4,hill_per_endpoint,positive,1.409062772989273,1.4061088979244232
Methotrexate,0,4,analog_knn,positive,2.721476364135742,2.7677570104599
Methotrexate,0,4,neurotrajectory,positive,3.1953641891479494,3.2254433155059816
Methotrexate,0,4,neurotrajectory_seed0,positive,3.1953641891479494,3.2254433155059816
Naphthalene,0,0,zero,unknown,1.2371251583099365,1.5807819366455078
Naphthalene,0,0,context_mean,unknown,1.2371251583099365,1.5807819366455078
Naphthalene,0,0,loglinear_interp,unknown,1.2371251583099365,1.5807819366455078
Naphthalene,0,0,hill_per_endpoint,unknown,1.2371251583099365,1.5807819366455078
Naphthalene,0,0,analog_knn,unknown,1.3934292793273926,1.7835465669631958
Naphthalene,0,0,neurotrajectory,unknown,1.463595986366272,1.8351385593414307
Naphthalene,0,0,neurotrajectory_seed0,unknown,1.463595986366272,1.8351385593414307
Naphthalene,0,1,zero,unknown,1.2516350746154785,1.5897459030151366
Naphthalene,0,1,context_mean,unknown,1.192179560661316,1.5930367708206177
Naphthalene,0,1,loglinear_interp,unknown,1.192179560661316,1.5930367708206177
Naphthalene,0,1,hill_per_endpoint,unknown,1.192179560661316,1.5930367708206177
Naphthalene,0,1,analog_knn,unknown,1.220772099494934,1.6272572994232177
Naphthalene,0,1,neurotrajectory,unknown,1.299186682701111,1.6768638134002685
Naphthalene,0,1,neurotrajectory_seed0,unknown,1.299186682701111,1.6768638134002685
Naphthalene,0,2,zero,unknown,1.3479631423950196,1.6648292779922484
Naphthalene,0,2,context_mean,unknown,1.142741286754608,1.5852447271347045
Naphthalene,0,2,loglinear_interp,unknown,1.1551448225975036,1.5891591310501099
Naphthalene,0,2,hill_per_endpoint,unknown,1.1551448225975036,1.5891591310501099
Naphthalene,0,2,analog_knn,unknown,1.102658748626709,1.5456543445587159
Naphthalene,0,2,neurotrajectory,unknown,1.1262359142303466,1.5477153301239013
Naphthalene,0,2,neurotrajectory_seed0,unknown,1.1262359142303466,1.5477153301239013
Naphthalene,0,3,zero,unknown,1.3025131702423096,1.6277355909347535
Naphthalene,0,3,context_mean,unknown,1.0857215762138366,1.524023461341858
Naphthalene,0,3,loglinear_interp,unknown,1.0782413125038146,1.5069432735443116
Naphthalene,0,3,hill_per_endpoint,unknown,1.1546711921691895,1.5695708036422729
Naphthalene,0,3,analog_knn,unknown,1.1197250843048097,1.5488963842391967
Naphthalene,0,3,neurotrajectory,unknown,1.035274600982666,1.4704873085021972
Naphthalene,0,3,neurotrajectory_seed0,unknown,1.035274600982666,1.4704873085021972
Naphthalene,0,4,zero,unknown,1.2550901055336,1.579863977432251
Naphthalene,0,4,context_mean,unknown,1.1104101061820983,1.4985978841781615
Naphthalene,0,4,loglinear_interp,unknown,1.1039657473564148,1.4880743980407716
Naphthalene,0,4,hill_per_endpoint,unknown,1.4536420345306396,1.7699613571166992
Naphthalene,0,4,analog_knn,unknown,1.3432862401008605,1.691218900680542
Naphthalene,0,4,neurotrajectory,unknown,1.1979616522789,1.5592129707336426
Naphthalene,0,4,neurotrajectory_seed0,unknown,1.1979616522789,1.5592129707336426
Omethoate,0,0,zero,unknown,1.047297477722168,1.389092206954956
Omethoate,0,0,context_mean,unknown,1.047297477722168,1.389092206954956
Omethoate,0,0,loglinear_interp,unknown,1.047297477722168,1.389092206954956
Omethoate,0,0,hill_per_endpoint,unknown,1.047297477722168,1.389092206954956
Omethoate,0,0,analog_knn,unknown,1.6742788553237915,1.9712107181549072
Omethoate,0,0,neurotrajectory,unknown,1.7960777282714844,2.0626628398895264
Omethoate,0,0,neurotrajectory_seed0,unknown,1.7960777282714844,2.0626628398895264
Omethoate,0,1,zero,unknown,1.0516339898109437,1.3887037992477418
Omethoate,0,1,context_mean,unknown,1.268593955039978,1.58227379322052
Omethoate,0,1,loglinear_interp,unknown,1.268593955039978,1.58227379322052
Omethoate,0,1,hill_per_endpoint,unknown,1.268593955039978,1.58227379322052
Omethoate,0,1,analog_knn,unknown,1.153851318359375,1.5098450183868408
Omethoate,0,1,neurotrajectory,unknown,1.0352904558181764,1.4215074062347413
Omethoate,0,1,neurotrajectory_seed0,unknown,1.0352904558181764,1.4215074062347413
Omethoate,0,2,zero,unknown,1.0132929801940918,1.3628828525543213
Omethoate,0,2,context_mean,unknown,1.1870368480682374,1.5176200151443482
Omethoate,0,2,loglinear_interp,unknown,1.1471295714378358,1.4802975177764892
Omethoate,0,2,hill_per_endpoint,unknown,1.1471295714378358,1.4802975177764892
Omethoate,0,2,analog_knn,unknown,1.0492112755775451,1.4202288866043091
Omethoate,0,2,neurotrajectory,unknown,0.99911048412323,1.3849036693572998
Omethoate,0,2,neurotrajectory_seed0,unknown,0.99911048412323,1.3849036693572998
Omethoate,0,3,zero,unknown,1.0595813274383545,1.3968938827514648
Omethoate,0,3,context_mean,unknown,1.1086828708648682,1.4482824087142945
Omethoate,0,3,loglinear_interp,unknown,0.9964715838432312,1.3488380670547486
Omethoate,0,3,hill_per_endpoint,unknown,1.2044154763221742,1.525371289253235
Omethoate,0,3,analog_knn,unknown,1.0619600415229797,1.4353307247161866
Omethoate,0,3,neurotrajectory,unknown,0.9553772449493408,1.34069504737854
Omethoate,0,3,neurotrajectory_seed0,unknown,0.9553772449493408,1.34069504737854
Omethoate,0,4,zero,unknown,1.039306652545929,1.38595871925354
Omethoate,0,4,context_mean,unknown,1.0833028078079223,1.423468542098999
Omethoate,0,4,loglinear_interp,unknown,1.0211636781692506,1.3660410642623901
Omethoate,0,4,hill_per_endpoint,unknown,1.1040889024734497,1.4367649555206299
Omethoate,0,4,analog_knn,unknown,1.0491493821144104,1.4081807613372803
Omethoate,0,4,neurotrajectory,unknown,0.9477970361709595,1.319869828224182
Omethoate,0,4,neurotrajectory_seed0,unknown,0.9477970361709595,1.319869828224182
Phenobarbital sodium,0,0,zero,positive,0.8841286301612854,1.4037678241729736
Phenobarbital sodium,0,0,context_mean,positive,0.8841286301612854,1.4037678241729736
Phenobarbital sodium,0,0,loglinear_interp,positive,0.8841286301612854,1.4037678241729736
Phenobarbital sodium,0,0,hill_per_endpoint,positive,0.8841286301612854,1.4037678241729736
Phenobarbital sodium,0,0,analog_knn,positive,1.3995357751846313,1.8086657524108887
Phenobarbital sodium,0,0,neurotrajectory,positive,1.4397608041763306,1.854531168937683
Phenobarbital sodium,0,0,neurotrajectory_seed0,positive,1.4397608041763306,1.854531168937683
Phenobarbital sodium,0,1,zero,positive,0.8901784420013428,1.4090954780578613
Phenobarbital sodium,0,1,context_mean,positive,1.1406053066253663,1.6118804693222046
Phenobarbital sodium,0,1,loglinear_interp,positive,1.1406053066253663,1.6118804693222046
Phenobarbital sodium,0,1,hill_per_endpoint,positive,1.1406053066253663,1.6118804693222046
Phenobarbital sodium,0,1,analog_knn,positive,1.0748695015907288,1.5586787462234497
Phenobarbital sodium,0,1,neurotrajectory,positive,1.1928356766700745,1.6600319385528564
Phenobarbital sodium,0,1,neurotrajectory_seed0,positive,1.1928356766700745,1.6600319385528564
Phenobarbital sodium,0,2,zero,positive,0.9019470691680909,1.4266147375106812
Phenobarbital sodium,0,2,context_mean,positive,1.0280022501945496,1.536401915550232
Phenobarbital sodium,0,2,loglinear_interp,positive,1.118729257583618,1.596810245513916
Phenobarbital sodium,0,2,hill_per_endpoint,positive,1.118729257583618,1.596810245513916
Phenobarbital sodium,0,2,analog_knn,positive,1.0621432542800904,1.5654176950454712
Phenobarbital sodium,0,2,neurotrajectory,positive,1.2670225977897644,1.7273104429244994
Phenobarbital sodium,0,2,neurotrajectory_seed0,positive,1.2670225977897644,1.7273104429244994
Phenobarbital sodium,0,3,zero,positive,0.8574863910675049,1.325911545753479
Phenobarbital sodium,0,3,context_mean,positive,1.0137628674507142,1.453439426422119
Phenobarbital sodium,0,3,loglinear_interp,positive,1.0462946772575379,1.4977135896682738
Phenobarbital sodium,0,3,hill_per_endpoint,positive,1.1026987075805663,1.5305110454559325
Phenobarbital sodium,0,3,analog_knn,positive,0.8660700440406799,1.3441165685653687
Phenobarbital sodium,0,3,neurotrajectory,positive,0.930688738822937,1.4030768156051636
Phenobarbital sodium,0,3,neurotrajectory_seed0,positive,0.930688738822937,1.4030768156051636
Phenobarbital sodium,0,4,zero,positive,0.8558127164840699,1.3441524982452393
Phenobarbital sodium,0,4,context_mean,positive,0.9224140644073486,1.414579653739929
Phenobarbital sodium,0,4,loglinear_interp,positive,0.9757585287094116,1.4669214487075806
Phenobarbital sodium,0,4,hill_per_endpoint,positive,1.1290067553520202,1.5694052219390868
Phenobarbital sodium,0,4,analog_knn,positive,1.0382770776748658,1.4851753950119018
Phenobarbital sodium,0,4,neurotrajectory,positive,1.0616299390792847,1.5278525829315186
Phenobarbital sodium,0,4,neurotrajectory_seed0,positive,1.0616299390792847,1.5278525829315186
Pirimiphos-methyl,0,0,zero,unknown,1.844889521598816,2.160055160522461
Pirimiphos-methyl,0,0,context_mean,unknown,1.844889521598816,2.160055160522461
Pirimiphos-methyl,0,0,loglinear_interp,unknown,1.844889521598816,2.160055160522461
Pirimiphos-methyl,0,0,hill_per_endpoint,unknown,1.844889521598816,2.160055160522461
Pirimiphos-methyl,0,0,analog_knn,unknown,1.985464096069336,2.341303586959839
Pirimiphos-methyl,0,0,neurotrajectory,unknown,1.9457992315292358,2.3000094890594482
Pirimiphos-methyl,0,0,neurotrajectory_seed0,unknown,1.9457992315292358,2.3000094890594482
Pirimiphos-methyl,0,1,zero,unknown,1.8244802236557007,2.146447539329529
Pirimiphos-methyl,0,1,context_mean,unknown,2.69426908493042,2.996511173248291
Pirimiphos-methyl,0,1,loglinear_interp,unknown,2.69426908493042,2.996511173248291
Pirimiphos-methyl,0,1,hill_per_endpoint,unknown,2.69426908493042,2.996511173248291
Pirimiphos-methyl,0,1,analog_knn,unknown,1.7016175270080567,2.0770890712738037
Pirimiphos-methyl,0,1,neurotrajectory,unknown,1.6173430681228638,2.0117223262786865
Pirimiphos-methyl,0,1,neurotrajectory_seed0,unknown,1.6173430681228638,2.0117223262786865
Pirimiphos-methyl,0,2,zero,unknown,1.9784016370773316,2.267192244529724
Pirimiphos-methyl,0,2,context_mean,unknown,2.2117493629455565,2.559614896774292
Pirimiphos-methyl,0,2,loglinear_interp,unknown,2.0629632472991943,2.4244837284088137
Pirimiphos-methyl,0,2,hill_per_endpoint,unknown,2.0629632472991943,2.4244837284088137
Pirimiphos-methyl,0,2,analog_knn,unknown,1.6282506465911866,1.9983839750289918
Pirimiphos-methyl,0,2,neurotrajectory,unknown,1.554142165184021,1.9518356561660766
Pirimiphos-methyl,0,2,neurotrajectory_seed0,unknown,1.554142165184021,1.9518356561660766
Pirimiphos-methyl,0,3,zero,unknown,1.7277812957763672,2.026370096206665
Pirimiphos-methyl,0,3,context_mean,unknown,2.0780380249023436,2.3624857902526855
Pirimiphos-methyl,0,3,loglinear_interp,unknown,1.616990327835083,1.972391676902771
Pirimiphos-methyl,0,3,hill_per_endpoint,unknown,1.8291210174560546,2.1539541244506837
Pirimiphos-methyl,0,3,analog_knn,unknown,1.534801173210144,1.8892849206924438
Pirimiphos-methyl,0,3,neurotrajectory,unknown,1.3483835220336915,1.7361797571182251
Pirimiphos-methyl,0,3,neurotrajectory_seed0,unknown,1.3483835220336915,1.7361797571182251
Pirimiphos-methyl,0,4,zero,unknown,1.7140273094177245,2.0430724382400514
Pirimiphos-methyl,0,4,context_mean,unknown,2.252163791656494,2.581596851348877
Pirimiphos-methyl,0,4,loglinear_interp,unknown,1.6674119114875794,2.063125228881836
Pirimiphos-methyl,0,4,hill_per_endpoint,unknown,1.6702350854873658,2.0533443450927735
Pirimiphos-methyl,0,4,analog_knn,unknown,1.541744303703308,1.9281238794326783
Pirimiphos-methyl,0,4,neurotrajectory,unknown,1.3683745503425597,1.7982760429382325
Pirimiphos-methyl,0,4,neurotrajectory_seed0,unknown,1.3683745503425597,1.7982760429382325
Pyraclostrobin,0,0,zero,unknown,3.529068946838379,3.827049970626831
Pyraclostrobin,0,0,context_mean,unknown,3.529068946838379,3.827049970626831
Pyraclostrobin,0,0,loglinear_interp,unknown,3.529068946838379,3.827049970626831
Pyraclostrobin,0,0,hill_per_endpoint,unknown,3.529068946838379,3.827049970626831
Pyraclostrobin,0,0,analog_knn,unknown,2.896108627319336,3.292085886001587
Pyraclostrobin,0,0,neurotrajectory,unknown,2.827489137649536,3.230640411376953
Pyraclostrobin,0,0,neurotrajectory_seed0,unknown,2.827489137649536,3.230640411376953
Pyraclostrobin,0,1,zero,unknown,3.484659957885742,3.80102653503418
Pyraclostrobin,0,1,context_mean,unknown,3.2932306289672852,3.5349964618682863
Pyraclostrobin,0,1,loglinear_interp,unknown,3.2932306289672852,3.5349964618682863
Pyraclostrobin,0,1,hill_per_endpoint,unknown,3.2932306289672852,3.5349964618682863
Pyraclostrobin,0,1,analog_knn,unknown,2.2176019668579103,2.7109535694122315
Pyraclostrobin,0,1,neurotrajectory,unknown,1.767997717857361,2.3175152063369753
Pyraclostrobin,0,1,neurotrajectory_seed0,unknown,1.767997717857361,2.3175152063369753
Pyraclostrobin,0,2,zero,unknown,3.6970845222473145,4.0160165309906
Pyraclostrobin,0,2,context_mean,unknown,3.206107187271118,3.472859525680542
Pyraclostrobin,0,2,loglinear_interp,unknown,2.703920102119446,3.054705762863159
Pyraclostrobin,0,2,hill_per_endpoint,unknown,2.703920102119446,3.054705762863159
Pyraclostrobin,0,2,analog_knn,unknown,2.475266861915588,2.94859299659729
Pyraclostrobin,0,2,neurotrajectory,unknown,1.8289539813995361,2.3907638072967528
Pyraclostrobin,0,2,neurotrajectory_seed0,unknown,1.8289539813995361,2.3907638072967528
Pyraclostrobin,0,3,zero,unknown,3.5421149253845217,3.9546859741210936
Pyraclostrobin,0,3,context_mean,unknown,2.871864604949951,3.214916706085205
Pyraclostrobin,0,3,loglinear_interp,unknown,1.3862555623054504,1.9832565784454346
Pyraclostrobin,0,3,hill_per_endpoint,unknown,1.4586545944213867,1.9964151859283448
Pyraclostrobin,0,3,analog_knn,unknown,1.6933526754379273,2.268887186050415
Pyraclostrobin,0,3,neurotrajectory,unknown,1.2889187574386596,1.9153387546539307
Pyraclostrobin,0,3,neurotrajectory_seed0,unknown,1.2889187574386596,1.9153387546539307
Pyraclostrobin,0,4,zero,unknown,4.0979163646698,4.311739063262939
Pyraclostrobin,0,4,context_mean,unknown,3.0543581008911134,3.3350678443908692
Pyraclostrobin,0,4,loglinear_interp,unknown,1.292273187637329,1.8801564931869508
Pyraclostrobin,0,4,hill_per_endpoint,unknown,1.2615521907806397,1.797269582748413
Pyraclostrobin,0,4,analog_knn,unknown,1.8193430423736572,2.314413619041443
Pyraclostrobin,0,4,neurotrajectory,unknown,1.206631064414978,1.807602596282959
Pyraclostrobin,0,4,neurotrajectory_seed0,unknown,1.206631064414978,1.807602596282959
Sodium benzoate,0,0,zero,negative,0.8650391101837158,1.3243374824523926
Sodium benzoate,0,0,context_mean,negative,0.8650391101837158,1.3243374824523926
Sodium benzoate,0,0,loglinear_interp,negative,0.8650391101837158,1.3243374824523926
Sodium benzoate,0,0,hill_per_endpoint,negative,0.8650391101837158,1.3243374824523926
Sodium benzoate,0,0,analog_knn,negative,1.440780520439148,1.7742470502853394
Sodium benzoate,0,0,neurotrajectory,negative,1.497225046157837,1.8242778778076172
Sodium benzoate,0,0,neurotrajectory_seed0,negative,1.497225046157837,1.8242778778076172
Sodium benzoate,0,1,zero,negative,0.8506006121635437,1.325689959526062
Sodium benzoate,0,1,context_mean,negative,1.0860546350479126,1.4820485830307006
Sodium benzoate,0,1,loglinear_interp,negative,1.0860546350479126,1.4820485830307006
Sodium benzoate,0,1,hill_per_endpoint,negative,1.0860546350479126,1.4820485830307006
Sodium benzoate,0,1,analog_knn,negative,1.224077320098877,1.6288856744766236
Sodium benzoate,0,1,neurotrajectory,negative,1.1345370769500733,1.5374512672424316
Sodium benzoate,0,1,neurotrajectory_seed0,negative,1.1345370769500733,1.5374512672424316
Sodium benzoate,0,2,zero,negative,0.9050828695297242,1.3323432683944703
Sodium benzoate,0,2,context_mean,negative,0.954397177696228,1.37728590965271
Sodium benzoate,0,2,loglinear_interp,negative,1.0264452338218688,1.4201327323913575
Sodium benzoate,0,2,hill_per_endpoint,negative,1.0264452338218688,1.4201327323913575
Sodium benzoate,0,2,analog_knn,negative,1.0691778302192687,1.4800284147262572
Sodium benzoate,0,2,neurotrajectory,negative,1.0228815078735352,1.4241819858551026
Sodium benzoate,0,2,neurotrajectory_seed0,negative,1.0228815078735352,1.4241819858551026
Sodium benzoate,0,3,zero,negative,0.8522799611091614,1.2917504787445069
Sodium benzoate,0,3,context_mean,negative,0.9010942339897156,1.3130873441696167
Sodium benzoate,0,3,loglinear_interp,negative,0.955348789691925,1.3406601667404174
Sodium benzoate,0,3,hill_per_endpoint,negative,1.1375974893569947,1.4975592613220214
Sodium benzoate,0,3,analog_knn,negative,1.0241762399673462,1.4250410556793214
Sodium benzoate,0,3,neurotrajectory,negative,1.0080522179603577,1.3876177072525024
Sodium benzoate,0,3,neurotrajectory_seed0,negative,1.0080522179603577,1.3876177072525024
Sodium benzoate,0,4,zero,negative,0.9686397433280944,1.3836421489715576
Sodium benzoate,0,4,context_mean,negative,0.9408956646919251,1.380559468269348
Sodium benzoate,0,4,loglinear_interp,negative,0.9675984382629395,1.405645775794983
Sodium benzoate,0,4,hill_per_endpoint,negative,0.9422459006309509,1.3830931663513184
Sodium benzoate,0,4,analog_knn,negative,0.9970115780830383,1.4444348335266113
Sodium benzoate,0,4,neurotrajectory,negative,0.8817498683929443,1.3531514406204224
Sodium benzoate,0,4,neurotrajectory_seed0,negative,0.8817498683929443,1.3531514406204224
Spirodiclofen,0,0,zero,unknown,0.7355230450630188,1.102798342704773
Spirodiclofen,0,0,context_mean,unknown,0.7355230450630188,1.102798342704773
Spirodiclofen,0,0,loglinear_interp,unknown,0.7355230450630188,1.102798342704773
Spirodiclofen,0,0,hill_per_endpoint,unknown,0.7355230450630188,1.102798342704773
Spirodiclofen,0,0,analog_knn,unknown,1.1560543775558472,1.4618667364120483
Spirodiclofen,0,0,neurotrajectory,unknown,1.211862325668335,1.5131959915161133
Spirodiclofen,0,0,neurotrajectory_seed0,unknown,1.211862325668335,1.5131959915161133
Spirodiclofen,0,1,zero,unknown,0.7407313108444213,1.1060442924499512
Spirodiclofen,0,1,context_mean,unknown,0.7875046253204345,1.184444260597229
Spirodiclofen,0,1,loglinear_interp,unknown,0.7875046253204345,1.184444260597229
Spirodiclofen,0,1,hill_per_endpoint,unknown,0.7875046253204345,1.184444260597229
Spirodiclofen,0,1,analog_knn,unknown,0.7243815541267395,1.157311773300171
Spirodiclofen,0,1,neurotrajectory,unknown,0.7895619511604309,1.1846676826477052
Spirodiclofen,0,1,neurotrajectory_seed0,unknown,0.7895619511604309,1.1846676826477052
Spirodiclofen,0,2,zero,unknown,0.7030416369438172,1.0942509174346924
Spirodiclofen,0,2,context_mean,unknown,0.6789342761039734,1.1351541996002197
Spirodiclofen,0,2,loglinear_interp,unknown,0.7060886263847351,1.1349730253219605
Spirodiclofen,0,2,hill_per_endpoint,unknown,0.7060886263847351,1.1349730253219605
Spirodiclofen,0,2,analog_knn,unknown,0.6312477707862854,1.105027437210083
Spirodiclofen,0,2,neurotrajectory,unknown,0.6524868488311768,1.0975844144821167
Spirodiclofen,0,2,neurotrajectory_seed0,unknown,0.6524868488311768,1.0975844144821167
Spirodiclofen,0,3,zero,unknown,0.6991204738616943,1.0646475434303284
Spirodiclofen,0,3,context_mean,unknown,0.6854675769805908,1.1060106754302979
Spirodiclofen,0,3,loglinear_interp,unknown,0.7581714034080506,1.137906813621521
Spirodiclofen,0,3,hill_per_endpoint,unknown,0.9291417360305786,1.2923051118850708
Spirodiclofen,0,3,analog_knn,unknown,0.6872211337089539,1.1127740144729614
Spirodiclofen,0,3,neurotrajectory,unknown,0.7299378991127015,1.1216867685317993
Spirodiclofen,0,3,neurotrajectory_seed0,unknown,0.7299378991127015,1.1216867685317993
Spirodiclofen,0,4,zero,unknown,0.7579093456268311,1.168356728553772
Spirodiclofen,0,4,context_mean,unknown,0.6147558569908143,1.134148621559143
Spirodiclofen,0,4,loglinear_interp,unknown,0.629363763332367,1.116755223274231
Spirodiclofen,0,4,hill_per_endpoint,unknown,0.7137451648712159,1.2064475297927857
Spirodiclofen,0,4,analog_knn,unknown,0.6658909440040588,1.173218035697937
Spirodiclofen,0,4,neurotrajectory,unknown,0.6243502140045166,1.1130339860916139
Spirodiclofen,0,4,neurotrajectory_seed0,unknown,0.6243502140045166,1.1130339860916139
Thiacloprid,0,0,zero,unknown,0.9944323897361755,1.480397343635559
Thiacloprid,0,0,context_mean,unknown,0.9944323897361755,1.480397343635559
Thiacloprid,0,0,loglinear_interp,unknown,0.9944323897361755,1.480397343635559
Thiacloprid,0,0,hill_per_endpoint,unknown,0.9944323897361755,1.480397343635559
Thiacloprid,0,0,analog_knn,unknown,1.3350539207458496,1.741683840751648
Thiacloprid,0,0,neurotrajectory,unknown,1.3946112394332886,1.7879618406295776
Thiacloprid,0,0,neurotrajectory_seed0,unknown,1.3946112394332886,1.7879618406295776
Thiacloprid,0,1,zero,unknown,0.9963985204696655,1.5016301155090332
Thiacloprid,0,1,context_mean,unknown,1.2599088191986083,1.6868148803710938
Thiacloprid,0,1,loglinear_interp,unknown,1.2599088191986083,1.6868148803710938
Thiacloprid,0,1,hill_per_endpoint,unknown,1.2599088191986083,1.6868148803710938
Thiacloprid,0,1,analog_knn,unknown,1.1591856122016906,1.6484555006027222
Thiacloprid,0,1,neurotrajectory,unknown,1.2218892574310303,1.659535551071167
Thiacloprid,0,1,neurotrajectory_seed0,unknown,1.2218892574310303,1.659535551071167
Thiacloprid,0,2,zero,unknown,1.0145818591117859,1.4711269378662108
Thiacloprid,0,2,context_mean,unknown,1.0382847666740418,1.5136667013168335
Thiacloprid,0,2,loglinear_interp,unknown,1.1353941917419434,1.576372218132019
Thiacloprid,0,2,hill_per_endpoint,unknown,1.1353941917419434,1.576372218132019
Thiacloprid,0,2,analog_knn,unknown,1.0551589250564575,1.5275944471359253
Thiacloprid,0,2,neurotrajectory,unknown,1.0375081181526185,1.505522894859314
Thiacloprid,0,2,neurotrajectory_seed0,unknown,1.0375081181526185,1.505522894859314
Thiacloprid,0,3,zero,unknown,1.0193117260932922,1.4776138305664062
Thiacloprid,0,3,context_mean,unknown,1.0107515096664428,1.4955395460128784
Thiacloprid,0,3,loglinear_interp,unknown,1.0830169200897217,1.516461229324341
Thiacloprid,0,3,hill_per_endpoint,unknown,1.1704586744308472,1.5834498167037965
Thiacloprid,0,3,analog_knn,unknown,1.0523074746131897,1.5243132829666137
Thiacloprid,0,3,neurotrajectory,unknown,1.0126970529556274,1.4809285163879395
Thiacloprid,0,3,neurotrajectory_seed0,unknown,1.0126970529556274,1.4809285163879395
Thiacloprid,0,4,zero,unknown,1.0287551045417787,1.4423195600509644
Thiacloprid,0,4,context_mean,unknown,0.9882588744163513,1.4399590253829957
Thiacloprid,0,4,loglinear_interp,unknown,1.0216277360916137,1.4292619466781615
Thiacloprid,0,4,hill_per_endpoint,unknown,1.0398961901664734,1.4535048007965088
Thiacloprid,0,4,analog_knn,unknown,1.0413287043571473,1.466666865348816
Thiacloprid,0,4,neurotrajectory,unknown,0.9667043805122375,1.40131618976593
Thiacloprid,0,4,neurotrajectory_seed0,unknown,0.9667043805122375,1.40131618976593
Triclosan,0,0,zero,unknown,1.7399699687957764,2.042851686477661
Triclosan,0,0,context_mean,unknown,1.7399699687957764,2.042851686477661
Triclosan,0,0,loglinear_interp,unknown,1.7399699687957764,2.042851686477661
Triclosan,0,0,hill_per_endpoint,unknown,1.7399699687957764,2.042851686477661
Triclosan,0,0,analog_knn,unknown,1.660986304283142,1.888866662979126
Triclosan,0,0,neurotrajectory,unknown,1.5703043937683105,1.8007807731628418
Triclosan,0,0,neurotrajectory_seed0,unknown,1.5703043937683105,1.8007807731628418
Triclosan,0,1,zero,unknown,1.6764790296554566,1.9819364309310914
Triclosan,0,1,context_mean,unknown,2.7808181762695314,3.0484583377838135
Triclosan,0,1,loglinear_interp,unknown,2.7808181762695314,3.0484583377838135
Triclosan,0,1,hill_per_endpoint,unknown,2.7808181762695314,3.0484583377838135
Triclosan,0,1,analog_knn,unknown,1.9359388113021851,2.1530812263488768
Triclosan,0,1,neurotrajectory,unknown,1.6223934888839722,1.9107028007507325
Triclosan,0,1,neurotrajectory_seed0,unknown,1.6223934888839722,1.9107028007507325
Triclosan,0,2,zero,unknown,2.0083696365356447,2.2875615835189818
Triclosan,0,2,context_mean,unknown,2.288535785675049,2.5743534088134767
Triclosan,0,2,loglinear_interp,unknown,2.0150362968444826,2.325565767288208
Triclosan,0,2,hill_per_endpoint,unknown,2.0150362968444826,2.325565767288208
Triclosan,0,2,analog_knn,unknown,1.8085639715194701,2.0945165157318115
Triclosan,0,2,neurotrajectory,unknown,1.738236427307129,2.064345598220825
Triclosan,0,2,neurotrajectory_seed0,unknown,1.738236427307129,2.064345598220825
Triclosan,0,3,zero,unknown,1.6929621815681457,1.996973991394043
Triclosan,0,3,context_mean,unknown,2.3631253242492676,2.576953125
Triclosan,0,3,loglinear_interp,unknown,1.5536730766296387,1.8537611722946168
Triclosan,0,3,hill_per_endpoint,unknown,1.4526360034942627,1.7570273160934449
Triclosan,0,3,analog_knn,unknown,1.5647520303726197,1.787554669380188
Triclosan,0,3,neurotrajectory,unknown,1.311269509792328,1.6250856161117553
Triclosan,0,3,neurotrajectory_seed0,unknown,1.311269509792328,1.6250856161117553
Triclosan,0,4,zero,unknown,1.6501180768013,1.9453174352645874
Triclosan,0,4,context_mean,unknown,2.076810693740845,2.279902219772339
Triclosan,0,4,loglinear_interp,unknown,1.4230902671813965,1.7238569021224976
Triclosan,0,4,hill_per_endpoint,unknown,1.363148808479309,1.6613625049591065
Triclosan,0,4,analog_knn,unknown,1.3635400056838989,1.6413952112197876
Triclosan,0,4,neurotrajectory,unknown,1.2495977520942687,1.567478561401367
Triclosan,0,4,neurotrajectory_seed0,unknown,1.2495977520942687,1.567478561401367
Triethyltin bromide,0,0,zero,positive,3.69128155708313,4.052998065948486
Triethyltin bromide,0,0,context_mean,positive,3.69128155708313,4.052998065948486
Triethyltin bromide,0,0,loglinear_interp,positive,3.69128155708313,4.052998065948486
Triethyltin bromide,0,0,hill_per_endpoint,positive,3.69128155708313,4.052998065948486
Triethyltin bromide,0,0,analog_knn,positive,3.109821081161499,3.498722553253174
Triethyltin bromide,0,0,neurotrajectory,positive,3.0717759132385254,3.451752185821533
Triethyltin bromide,0,0,neurotrajectory_seed0,positive,3.0717759132385254,3.451752185821533
Triethyltin bromide,0,1,zero,positive,3.666106605529785,4.044517135620117
Triethyltin bromide,0,1,context_mean,positive,3.35762038230896,3.6266746520996094
Triethyltin bromide,0,1,loglinear_interp,positive,3.35762038230896,3.6266746520996094
Triethyltin bromide,0,1,hill_per_endpoint,positive,3.35762038230896,3.6266746520996094
Triethyltin bromide,0,1,analog_knn,positive,2.6532692193984984,2.9761401176452638
Triethyltin bromide,0,1,neurotrajectory,positive,2.4973015069961546,2.8297781944274902
Triethyltin bromide,0,1,neurotrajectory_seed0,positive,2.4973015069961546,2.8297781944274902
Triethyltin bromide,0,2,zero,positive,3.6228538036346434,3.999017333984375
Triethyltin bromide,0,2,context_mean,positive,2.999202013015747,3.219168281555176
Triethyltin bromide,0,2,loglinear_interp,positive,2.1734731912612917,2.4777942180633543
Triethyltin bromide,0,2,hill_per_endpoint,positive,2.1734731912612917,2.4777942180633543
Triethyltin bromide,0,2,analog_knn,positive,2.186113691329956,2.5232697486877442
Triethyltin bromide,0,2,neurotrajectory,positive,1.7806225776672364,2.174262595176697
Triethyltin bromide,0,2,neurotrajectory_seed0,positive,1.7806225776672364,2.174262595176697
Triethyltin bromide,0,3,zero,positive,3.3178438186645507,3.7699103355407715
Triethyltin bromide,0,3,context_mean,positive,3.1998012542724608,3.398408794403076
Triethyltin bromide,0,3,loglinear_interp,positive,2.2299179792404176,2.5646663427352907
Triethyltin bromide,0,3,hill_per_endpoint,positive,1.9526969194412231,2.317177176475525
Triethyltin bromide,0,3,analog_knn,positive,2.163259768486023,2.5862929582595826
Triethyltin bromide,0,3,neurotrajectory,positive,1.7366329431533813,2.1796701431274412
Triethyltin bromide,0,3,neurotrajectory_seed0,positive,1.7366329431533813,2.1796701431274412
Triethyltin bromide,0,4,zero,positive,4.271606397628784,4.614294147491455
Triethyltin bromide,0,4,context_mean,positive,3.3477394580841064,3.5169432163238525
Triethyltin bromide,0,4,loglinear_interp,positive,1.1574840903282166,1.5488521099090575
Triethyltin bromide,0,4,hill_per_endpoint,positive,1.2852938771247864,1.5976974964141846
Triethyltin bromide,0,4,analog_knn,positive,1.8934253454208374,2.2287135124206543
Triethyltin bromide,0,4,neurotrajectory,positive,1.2064563512802124,1.6036366462707519
Triethyltin bromide,0,4,neurotrajectory_seed0,positive,1.2064563512802124,1.6036366462707519
"p,p'-DDE",0,0,zero,positive,2.068549156188965,2.583001136779785
"p,p'-DDE",0,0,context_mean,positive,2.068549156188965,2.583001136779785
"p,p'-DDE",0,0,loglinear_interp,positive,2.068549156188965,2.583001136779785
"p,p'-DDE",0,0,hill_per_endpoint,positive,2.068549156188965,2.583001136779785
"p,p'-DDE",0,0,analog_knn,positive,1.4277667999267578,2.0936696529388428
"p,p'-DDE",0,0,neurotrajectory,positive,1.3732608556747437,2.022028684616089
"p,p'-DDE",0,0,neurotrajectory_seed0,positive,1.3732608556747437,2.022028684616089
"p,p'-DDE",0,1,zero,positive,2.1117035865783693,2.615573835372925
"p,p'-DDE",0,1,context_mean,positive,2.24832820892334,2.7426668643951415
"p,p'-DDE",0,1,loglinear_interp,positive,2.24832820892334,2.7426668643951415
"p,p'-DDE",0,1,hill_per_endpoint,positive,2.24832820892334,2.7426668643951415
"p,p'-DDE",0,1,analog_knn,positive,1.440561866760254,2.048410415649414
"p,p'-DDE",0,1,neurotrajectory,positive,1.468758225440979,2.0175742149353026
"p,p'-DDE",0,1,neurotrajectory_seed0,positive,1.468758225440979,2.0175742149353026
"p,p'-DDE",0,2,zero,positive,2.0723047733306883,2.588596820831299
"p,p'-DDE",0,2,context_mean,positive,1.9998606443405151,2.4928770542144774
"p,p'-DDE",0,2,loglinear_interp,positive,1.610525941848755,2.1384958267211913
"p,p'-DDE",0,2,hill_per_endpoint,positive,1.610525941848755,2.1384958267211913
"p,p'-DDE",0,2,analog_knn,positive,1.3034988045692444,1.9168928623199464
"p,p'-DDE",0,2,neurotrajectory,positive,1.2417949557304382,1.8480767726898193
"p,p'-DDE",0,2,neurotrajectory_seed0,positive,1.2417949557304382,1.8480767726898193
"p,p'-DDE",0,3,zero,positive,2.7274539709091186,3.1726173400878905
"p,p'-DDE",0,3,context_mean,positive,2.4599997997283936,2.9564459800720213
"p,p'-DDE",0,3,loglinear_interp,positive,2.085203003883362,2.586627411842346
"p,p'-DDE",0,3,hill_per_endpoint,positive,2.185380554199219,2.6301990032196043
"p,p'-DDE",0,3,analog_knn,positive,1.834643542766571,2.380435919761658
"p,p'-DDE",0,3,neurotrajectory,positive,1.589337420463562,2.1006818294525145
"p,p'-DDE",0,3,neurotrajectory_seed0,positive,1.589337420463562,2.1006818294525145
"p,p'-DDE",0,4,zero,positive,1.8621858596801757,2.4137229919433594
"p,p'-DDE",0,4,context_mean,positive,1.9111312866210937,2.427268409729004
"p,p'-DDE",0,4,loglinear_interp,positive,1.2028985261917113,1.7707175254821776
"p,p'-DDE",0,4,hill_per_endpoint,positive,1.6348995923995973,2.058018207550049
"p,p'-DDE",0,4,analog_knn,positive,0.9547235608100891,1.6571571350097656
"p,p'-DDE",0,4,neurotrajectory,positive,1.1088567852973938,1.7007734537124635
"p,p'-DDE",0,4,neurotrajectory_seed0,positive,1.1088567852973938,1.7007734537124635
